time,speed,yaw,heading,location_x,location_y,gnss_latitude,gnss_longitude,accelerometer_x,accelerometer_y,accelerometer_z,gyroscope_x,gyroscope_y,gyroscope_z,height,throttle,steer,brake,reverse,hand_brake,manual_gear_shift,gear
0,0.0008822566417071008,90.38652801513672,E,-117.29127502441406,73.6907730102539,-0.0006709582185493446,-0.001053706104858161,-0.014924815855920315,9.994301944971085e-05,9.809844017028809,3.821593418251723e-05,0.00011315638403175399,0.00015147247177083045,0.010458297096192837,0.0,-0.008560390211641788,0.0,False,False,False,1,
1,0.0,90.38555145263672,E,-117.29127502441406,73.69324493408203,-0.0006709805613098752,-0.0010537058992501095,-0.049976646900177,0.0003351345658302307,9.8100004196167,0.0,0.0,0.0,0.01045993808656931,0.0,-0.008560390211641788,0.0,False,False,False,1,
2,0.0023856543744497217,90.384765625,E,-117.2912826538086,73.6958999633789,-0.000671004411842091,-0.0010537058992501095,-0.019992532208561897,0.00013430975377559662,9.80875015258789,3.674236359074712e-05,0.00022328174964059144,0.0001538651849841699,0.010460357181727886,0.0,-0.008560390211641788,0.0,False,False,False,1,
3,0.0021349468230232845,90.38380432128906,E,-117.2912826538086,73.69847869873047,-0.0006710275769989948,-0.0010537057621780753,-0.017468035221099854,0.00011722743511199951,9.80875015258789,3.570667468011379e-05,0.00023103714920580387,0.00014795918832533062,0.010459594428539276,0.0,-0.008258244022727013,0.0,False,False,False,1,
4,0.016896335142680748,90.38372802734375,E,-117.2912826538086,73.70097351074219,-0.0006710498512205731,-0.0010537057621780753,0.02009778656065464,-0.00012872181832790375,9.81031322479248,6.178767944220454e-05,-0.00015124960918910801,0.00032651241053827107,0.010457763448357582,0.0,0.015308813191950321,0.0,False,False,False,1,
5,0.001778059795458209,90.38548278808594,E,-117.29127502441406,73.70362091064453,-0.0006710736332138367,-0.0010537058992501095,-0.019916530698537827,0.0001334957778453827,9.808125495910645,-6.907404167577624e-05,0.00021518275025300682,-0.000294203229714185,0.010458183474838734,0.0,0.015476698987185955,0.0,False,False,False,1,
6,0.01851228266621195,90.3786392211914,E,-117.291015625,73.70609283447266,-0.000671095838868041,-0.0010537025409852686,0.02246675454080105,-0.020196253433823586,9.811328887939453,-0.0003406683972571045,-0.00023880120716057718,-0.0017583650769665837,0.010457687079906464,0.0,-0.0861496850848198,0.0,False,False,False,1,
7,2.3523532602967867,90.30343627929688,E,-117.2887954711914,73.76349639892578,-0.0006715606501472848,-0.0010536761546186622,3.807003974914551,-0.10228133201599121,9.834845542907715,-0.001988023519515991,-0.018411751836538315,-0.037556786090135574,0.009888610802590847,0.940372884273529,-0.08040330559015274,0.0,False,False,False,1,
8,22.64226879132115,80.42842102050781,NE,-116.76214599609375,78.1311264038086,-0.0007106819682434207,-0.0010474479440592474,2.161733627319336,0.010040521621704102,9.941812515258789,0.005923269782215357,-0.006886388175189495,-0.13136905431747437,0.010151710361242294,1.0,-0.03818688169121742,0.0,False,False,False,N,
9,38.6114141533989,74.36771392822266,NE,-114.19364166259766,89.33834838867188,-0.0008112506232293981,-0.001023458144900699,-2.698427438735962,-1.3816478252410889,9.852032661437988,-0.0007455907762050629,0.017319243401288986,-0.11918212473392487,0.011077880859375,0.0,-0.024376165121793747,0.0,False,False,False,2,
10,33.17931443822886,72.18054962158203,NE,-110.35865020751953,100.71531677246094,-0.0009132775876139476,-0.0009885604273950342,-0.23532497882843018,1.1932910680770874,9.80069351196289,0.0012527307262644172,0.0008390670991502702,0.1193738579750061,0.010648040100932121,0.35810378193855286,0.028978444635868073,0.0,False,False,False,2,
11,27.743363890332613,68.25525665283203,NE,-107.27005767822266,111.06776428222656,-0.0010061756230044239,-0.0009603928097024467,-2.0475974082946777,-2.117237091064453,9.800054550170898,0.002516023814678192,0.0021864352747797966,-0.26400500535964966,0.011175232008099556,0.031522881239652634,-0.07219842076301575,0.0,False,False,False,2,
12,17.13733371025909,57.95880889892578,NE,-103.33675384521484,118.5659408569336,-0.001072784407355698,-0.0009235300960487875,-4.38868522644043,-0.8825771808624268,9.683464050292969,-0.0018582353368401527,0.013337716460227966,-0.13527525961399078,0.011190871708095074,0.0,-0.059858325868844986,0.0,False,False,False,1,
13,20.633109381166573,51.02907180786133,NE,-99.85667419433594,123.21575927734375,-0.0011138214441928085,-0.0008914378318695499,2.875457286834717,-0.4759138822555542,9.878049850463867,0.0003619792405515909,0.00584750808775425,-0.09447333216667175,0.010043410584330559,1.0,-0.0347246415913105,0.0,False,False,False,1,
14,42.226639030756274,39.711002349853516,NE,-91.06382751464844,132.0498046875,-0.0011920266597229556,-0.000811258504898309,2.0998542308807373,-3.329671859741211,9.800955772399902,-0.012070348486304283,0.003277212381362915,-0.2546114921569824,0.009958038106560707,0.6583455204963684,-0.05585019662976265,0.0,False,False,False,2,
15,41.22025889791284,10.629576683044434,NE,-77.11294555664062,138.59068298339844,-0.001246864383105617,-0.0006838902796399462,-1.703816294670105,-3.0510847568511963,9.781257629394531,0.012965698726475239,0.004506855737417936,-0.2762918472290039,0.011058654636144638,0.21146121621131897,-0.048814963549375534,0.0,False,False,False,2,
16,29.502082912440724,3.2875425815582275,NE,-64.35735321044922,140.11932373046875,-0.0012592824240584832,-0.0005690995101067176,-2.5662221908569336,-0.8202124238014221,9.795716285705566,0.001814999501220882,0.0006044442416168749,-0.09568231552839279,0.011365394107997417,0.0,-0.025215914472937584,0.0,False,False,False,2,
17,20.617661683414905,1.3704577684402466,NE,-55.55024719238281,140.357177734375,-0.0012610627156419696,-0.0004900086036239944,-0.9048311114311218,0.042506348341703415,9.800119400024414,-0.00020119166583754122,-0.0017453556647524238,0.008166334591805935,0.01091716717928648,0.2572675943374634,0.0029876797925680876,0.0,False,False,False,2,
18,22.007597171087532,1.3066304922103882,NE,-48.27853012084961,140.52688598632812,-0.0012625724270378669,-0.00042475717508638967,1.5837345123291016,0.09660955518484116,9.798583030700684,-0.00020033313194289804,-0.0001489281130488962,0.013172940351068974,0.010110931470990181,0.5618590712547302,0.004565461538732052,0.0,False,False,False,2,
19,32.24769770210258,2.773160934448242,NE,-38.570491790771484,140.9156951904297,-0.001266295577636356,-0.00033757614006606614,2.3008828163146973,0.06619508564472198,9.802186965942383,0.0001235846139024943,0.0004602375265676528,0.006999779958277941,0.009890670888125896,0.6691986322402954,0.0016448989044874907,0.0,False,False,False,2,
20,42.51344369560339,1.9136182069778442,NE,-25.02645492553711,141.5517120361328,-0.0012719011384660917,-0.00021589609581990597,2.0427145957946777,-0.42142900824546814,9.804240226745605,-0.00036775873741135,0.0004398031742312014,-0.035215865820646286,0.00997161865234375,0.6727893948554993,-0.006781109608709812,0.0,False,False,False,2,
21,47.72469191284744,-6.11548376083374,NW,-7.5421142578125,141.29429626464844,-0.0012684626864825077,-5.8773626937697565e-05,-1.840964436531067,-3.0676357746124268,9.799117088317871,-0.004900179337710142,0.009592276066541672,-0.22383923828601837,0.010948562063276768,0.18169057369232178,-0.039060983806848526,0.0,False,False,False,2,
22,36.19050063683303,-7.722296714782715,NW,6.86201810836792,138.92532348632812,-0.0012466989371802129,7.060114442906271e-05,-2.430896043777466,1.2867603302001953,9.798267364501953,-0.0009820432169362903,-0.0008116932003758848,0.11760319769382477,0.011368636973202229,0.09307808429002762,0.026122882962226868,0.0,False,False,False,2,
23,31.834229009271777,-1.26318359375,NW,18.184425354003906,138.11143493652344,-0.0012404426953764869,0.00017232380889030876,0.757087767124176,0.5556982159614563,9.820565223693848,-0.0008008705917745829,-0.0035746130160987377,0.06844125688076019,0.010502433404326439,0.5577681660652161,0.015913208946585655,0.0,False,False,False,2,
24,37.47451126472244,2.0906779766082764,NE,30.708065032958984,138.2900390625,-0.0012425926702235301,0.0002848026529566792,0.9831992983818054,0.2654361128807068,9.808825492858887,0.00013255422527436167,0.0012410614872351289,0.025790631771087646,0.010272216983139515,0.5286369919776917,0.005404715891927481,0.0,False,False,False,2,
25,41.132075047517795,8.264477729797363,NE,44.91415023803711,139.5029754638672,-0.0012544302111336947,0.00041235123074419847,0.37680554389953613,-0.039908286184072495,9.807974815368652,-0.008452488109469414,0.0012528225779533386,0.016989028081297874,0.010448264889419079,0.4539918005466461,-0.0006378174875862896,0.0,False,False,False,2,
26,38.960292634114694,2.7838268280029297,NE,59.58664321899414,140.97265625,-0.0012668866322371741,0.0005442872102062322,-1.9933339357376099,-1.76815927028656,9.805963516235352,-0.00647270493209362,0.0044999695383012295,-0.14195452630519867,0.011086921207606792,0.07973353564739227,-0.031632859259843826,0.0,False,False,False,2,
27,26.94410554759064,-10.07960319519043,NW,71.3674545288086,140.23904418945312,-0.0012582706953878642,0.000650023480904402,-2.3175041675567627,-0.9412642121315002,9.808830261230469,0.0035654164385050535,-0.0011652963003143668,-0.13794904947280884,0.011318625882267952,0.010074752382934093,-0.03751453012228012,0.0,False,False,False,2,
28,26.160946719344565,-20.06584930419922,NW,79.9143295288086,137.89117431640625,-0.001235695479607557,0.0007262883047195325,2.855638027191162,-1.2525031566619873,9.803037643432617,-0.002324991626664996,-0.007380383554846048,-0.16810418665409088,0.009965667501091957,0.8158004879951477,-0.0496898852288723,0.0,False,False,False,2,
29,41.65254055562774,-35.913516998291016,NW,90.50016021728516,132.20266723632812,-0.0011825065957253855,0.0008203062186676689,1.7175486087799072,-3.4600067138671875,9.77818489074707,-0.00553429638966918,0.007606839761137962,-0.2971407473087311,0.00992305763065815,0.5328526496887207,-0.06006046384572983,0.0,False,False,False,2,
30,32.5896616534324,-56.079994201660156,NW,99.25531768798828,123.03533172607422,-0.0010977979289918949,0.000896781173911412,-2.800497055053711,-1.6874339580535889,9.787887573242188,0.008358362130820751,0.0008613320533186197,-0.19470758736133575,0.011440468020737171,0.0,-0.044878724962472916,0.0,False,False,False,2,
31,27.693245938991403,-62.17560577392578,NW,103.81683349609375,115.21834564208984,-0.001027133662901747,0.0009368152546871158,2.0728540420532227,-0.927465558052063,9.786819458007812,-0.002461410127580166,-0.0087929368019104,-0.10604176670312881,0.010179519653320312,0.6510419249534607,-0.03049040026962757,0.0,False,False,False,2,
32,31.691835025532026,-72.10041809082031,NW,107.63835906982422,106.0551528930664,-0.0009441577923041677,0.0009697860135343102,-2.2617135047912598,-1.6458858251571655,9.808255195617676,-7.246248424053192e-05,0.013126000761985779,-0.16954514384269714,0.010971450246870518,0.0,-0.043499696999788284,0.0,False,False,False,2,
33,22.55926032536804,-83.6639404296875,NW,109.31105041503906,97.99267578125,-0.0008713032521825426,0.0009830123682699151,-2.246480941772461,-0.7713825702667236,9.799346923828125,0.004252114798873663,0.0010008858516812325,-0.14028215408325195,0.011255912482738495,0.0,-0.047300852835178375,0.0,False,False,False,2,
34,17.157224837729306,-88.5301742553711,NW,109.59822082519531,91.84089660644531,-0.000816032381152354,0.000984761681571907,-2.3119523525238037,0.4668867588043213,9.68093490600586,0.0023357924073934555,0.012450911104679108,0.019482893869280815,0.010601043701171875,0.2793825566768646,0.006713968235999346,0.0,False,False,False,N,
35,16.979263658347968,-86.98966979980469,NW,109.83827209472656,86.71834564208984,-0.0007700519099245184,0.0009871683923504974,0.683448314666748,-0.041983067989349365,9.810515403747559,0.0005022543482482433,5.9323356254026294e-05,-0.002258081454783678,0.010253524407744408,0.40724417567253113,-0.00046997074969112873,0.0,False,False,False,1,
36,18.06844126899526,-87.71936798095703,NW,110.12225341796875,80.7720947265625,-0.000716612869553046,0.000989613688906749,-0.1758163571357727,-0.0874064490199089,9.798637390136719,0.0013940328499302268,-0.00046487292274832726,-0.030170999467372894,0.010572890751063824,0.35810378193855286,-0.011111907660961151,0.0,False,False,False,1,
37,12.852390269202804,-88.78450775146484,NW,110.27401733398438,75.24687957763672,-0.0006669077399408252,0.0009908029944125263,-2.2576382160186768,0.04134058952331543,9.814868927001953,4.526588600128889e-05,-0.0011258783051744103,0.0007435900624841452,0.011206665076315403,0.0,-0.006948964204639196,0.0,False,False,False,1,
38,9.955641228276283,-89.44734954833984,NW,110.31425476074219,71.91699981689453,-0.000637081824763186,0.00099105774278831,1.2425650358200073,0.10254549980163574,9.812384605407715,-1.3937707990407944e-05,-0.0038077151402831078,0.011936464346945286,0.010201873257756233,0.5820735692977905,-0.006747539155185223,0.0,False,False,False,1,
39,9.402072665645953,-90.0832748413086,W,110.31837463378906,68.21881866455078,-0.0006037986102285231,0.0009909948267245573,-1.6301243305206299,0.12222146987915039,9.80573558807373,-4.644226282835007e-05,0.0017677533905953169,0.015885120257735252,0.010890464298427105,0.01726788841187954,-0.005706849042326212,0.0,False,False,False,1,
40,4.675005665621116,-90.83824920654297,SW,110.28910827636719,65.9381103515625,-0.0005833269704282884,0.0009906116418526157,-0.8179048299789429,0.09336841106414795,9.808865547180176,-0.00026792543940246105,-0.0005525611340999603,0.00890361424535513,0.010717963799834251,0.0,-0.009836132638156414,0.0,False,False,False,1,
41,2.26711604052671,-90.91121673583984,SW,110.26971435546875,64.83255004882812,-0.000573407581327956,0.000990426731678318,-0.39386051893234253,0.1238061785697937,9.809983253479004,-1.519214129075408e-05,-0.0002666362561285496,0.02178405597805977,0.010585364885628223,0.0,0.00473331194370985,0.0,False,False,False,1,
42,1.0981418970758317,-90.8309555053711,SW,110.26290130615234,64.29650115966797,-0.000568597655103531,0.0009903780711061345,-0.1911812573671341,0.10725842416286469,9.809881210327148,-1.846632221713662e-05,-0.0001275265822187066,0.02195627987384796,0.010521011427044868,0.0,0.0049683027900755405,0.0,False,False,False,1,
43,0.5482409303343138,-90.80571746826172,SW,110.26004028320312,64.04435729980469,-0.0005663352811922095,0.0009903564137247118,-0.09435338526964188,-0.12133003026247025,9.809911727905273,1.1676165740936995e-05,-6.724588456563652e-05,-0.021403096616268158,0.01049072202295065,0.0,0.0049683027900755405,0.0,False,False,False,1,
44,0.2652751819285697,-90.78656005859375,SW,110.25862884521484,63.91483688354492,-0.0005651731159446172,0.0009903468186823095,-0.036223918199539185,-0.1305057406425476,9.80976390838623,7.63347270549275e-06,-3.419449785724282e-05,-0.022013267502188683,0.010475273244082928,0.0,0.0049683027900755405,0.0,False,False,False,1,
45,0.12812182737116132,-90.77734375,SW,110.25790405273438,63.85224151611328,-0.0005646114975519367,0.0009903418155530568,-0.031114578247070312,-0.12043152749538422,9.810468673706055,6.110258254921064e-06,-1.8232076399726793e-05,-0.022333815693855286,0.010467758402228355,0.0,0.0049683027900755405,0.0,False,False,False,1,
46,0.05952026647818295,-90.75994110107422,SW,110.25782012939453,63.82123565673828,-0.0005643332413285407,0.0009903437345615373,-0.006706111133098602,0.11992181092500687,9.810235023498535,-4.405466370371869e-06,-4.294949576433282e-06,0.022579267621040344,0.010463790968060493,0.0,0.0049683027900755405,0.0,False,False,False,1,
47,2.2743614495402355e-06,-90.79345703125,SW,110.25797271728516,63.82105255126953,-0.0005643319048544981,0.000990339828008559,-2.61256136582233e-05,0.0,9.8100004196167,6.304554744929192e-08,8.402506637139595e-07,2.8468553903149285e-11,0.010460853576660156,0.0,0.0049683027900755405,0.34797292947769165,False,False,False,1,
48,1.6837368486317918e-06,-90.79345703125,SW,110.25797271728516,63.82105255126953,-0.0005643319048544981,0.000990339828008559,-2.61256136582233e-05,0.0,9.8100004196167,-2.2663368781650206e-07,-4.290923527605628e-08,4.677552095655457e-11,0.010460853576660156,0.0,0.0049683027900755405,0.010074752382934093,False,False,False,1,
49,1.6492390610549953e-06,-90.79345703125,SW,110.25797271728516,63.82105255126953,-0.0005643319048544981,0.000990339828008559,-2.61256136582233e-05,0.0,9.8100004196167,-1.882419979892802e-07,-3.208347720828897e-08,4.763341110436414e-11,0.010460853576660156,0.0,0.0049683027900755405,0.010074752382934093,False,False,False,1,
50,1.5109052095482738e-06,-90.79345703125,SW,110.25797271728516,63.82105255126953,-0.0005643319048544981,0.000990339828008559,-2.61256136582233e-05,0.0,9.8100004196167,-2.38594793700031e-07,2.944051402664627e-08,-1.662199718144297e-11,0.010460853576660156,0.0,0.0049683027900755405,0.024407953023910522,False,False,False,1,
51,1.6136710041181293e-06,-90.79345703125,SW,110.25797271728516,63.82105255126953,-0.0005643319048544981,0.000990339828008559,-2.61256136582233e-05,0.0,9.8100004196167,-1.447223212380777e-07,-2.0793464727830724e-09,-1.4866221318202144e-12,0.010460853576660156,0.0,0.0049683027900755405,0.0,False,False,False,1,
52,4.782165994855788,-90.77679443359375,SW,110.25569915771484,63.57124710083008,-0.0005621876527612812,0.0009903228996123207,4.1845269203186035,-0.02861499786376953,9.770602226257324,-9.227544069290161e-06,-0.006857283413410187,0.0063819787465035915,0.009343871846795082,1.0,0.0049683027900755405,0.0,False,False,False,1,
53,28.152440996105547,-90.78094482421875,SW,110.16999053955078,57.738094329833984,-0.0005098540983539124,0.0009895518008832536,5.45393705368042,0.03417253494262695,9.657944679260254,0.00010466063395142555,-0.006216848269104958,0.0045884354040026665,0.0087460707873106,0.9430873990058899,0.0011749273398891091,0.0,False,False,False,2,
54,32.12875310032625,-91.71875,SW,109.94367980957031,46.34115982055664,-0.00040722381142188624,0.0009873779754909727,-3.9219653606414795,-0.16024065017700195,9.7683687210083,0.00028847018256783485,0.0058409683406353,-0.01620740257203579,0.011585463769733906,0.18169057369232178,-0.003927632700651884,0.5659327507019043,False,False,False,2,
55,0.09930688522812918,-91.87194061279297,SW,109.75797271728516,41.19292449951172,-0.00036104537390713176,0.0009856780766573532,1.0902175903320312,-0.013969898223876953,9.564013481140137,-0.0004452019929885864,-0.045487504452466965,0.0001815513096516952,0.010635452345013618,0.0,0.0035919344518333673,0.0,False,False,False,1,
56,5.312446057210658,-91.89009857177734,SW,109.74714660644531,40.872833251953125,-0.0003583053039335482,0.0009855837710977412,4.458989143371582,0.18536996841430664,9.738415718078613,-0.0004493049345910549,-0.006627298891544342,-0.03106031008064747,0.009155082516372204,1.0,-0.004565461538732052,0.0,False,False,False,1,
57,0.5481422959849548,-92.57247924804688,SW,109.6485595703125,38.460792541503906,-0.0003363753205150033,0.0009845774567577808,1.00972580909729,-0.016085386276245117,9.987614631652832,-0.0009573735296726227,-0.04834814369678497,-0.0017546432791277766,0.012128371745347977,0.0,-0.01624898798763752,0.0,False,False,False,1,
58,12.44043872837359,-93.19525146484375,SW,109.57653045654297,37.22852325439453,-0.0003256189010301114,0.0009838567320013263,7.0735321044921875,-0.14667749404907227,9.800612449645996,-0.000726691447198391,-0.009567905217409134,-0.02747388929128647,0.008678054437041283,1.0,-0.016215410083532333,0.0,False,False,False,1,
59,34.41140002310928,-94.20061492919922,SW,109.02874755859375,29.366004943847656,-0.00025498249482325264,0.0009787795838501136,4.927210807800293,-0.1004633903503418,9.789426803588867,-0.0002001444809138775,0.00454653101041913,-0.011088427156209946,0.008996963500976562,0.9183782339096069,-0.002584844594821334,0.0,False,False,False,2,
60,48.102349777358675,-95.10572052001953,SW,108.02693176269531,15.787175178527832,-0.00013292615356874649,0.0009696648418559713,1.2118422985076904,-0.6961253881454468,9.74838638305664,-0.00109425513073802,0.0046167755499482155,-0.05132116377353668,0.009955444373190403,0.28483322262763977,-0.008795392699539661,0.0,False,False,False,3,
61,42.32118923905895,-93.64974975585938,SW,106.77400207519531,1.3041763305664062,-2.712433357032751e-06,0.000958561253179863,-1.5315773487091064,0.5869969129562378,9.8087797164917,-8.006181451492012e-05,-0.00044682598672807217,0.04652085527777672,0.011066398583352566,0.0,0.009097540751099586,0.0,False,False,False,3,
62,36.10521748443488,-90.17376708984375,W,106.49747467041016,-11.721999168395996,0.00011431940451700484,0.0009566609550320677,-1.3273946046829224,-0.105995774269104,9.810991287231445,-0.0003021269221790135,-0.0007022381760179996,-0.008237076923251152,0.011015091091394424,0.0,-0.0017120378324761987,0.0,False,False,False,3,
63,22.592030566399504,-92.62939453125,SW,106.31549835205078,-21.9725284576416,0.00020641962072431852,0.0009546521643691081,-2.2235965728759766,-0.2785003185272217,9.782808303833008,0.001189544564113021,-0.0027924904134124517,-0.0460093729197979,0.011315078474581242,0.0,-0.015342390164732933,0.0,False,False,False,2,
64,11.976815074334677,-95.458251953125,SW,105.8480224609375,-28.32317352294922,0.000263405177236109,0.0009499976092997041,-0.1223541870713234,-0.0179198756814003,9.825713157653809,1.1108815670013428e-05,-0.009477066807448864,-0.017732949927449226,0.010824203491210938,0.5370500683784485,-0.02108466625213623,0.0,False,False,False,1,
65,18.586769040744187,-101.48127746582031,SW,104.93801879882812,-34.11960220336914,0.0003153167382663469,0.0009409222755154286,0.3659127950668335,-0.8763264417648315,9.830634117126465,-0.0023476830683648586,-0.0037281180266290903,-0.12947051227092743,0.010675430297851562,0.40724417567253113,-0.05231510475277901,0.0,False,False,False,1,
66,12.760247496980284,-112.03668975830078,SW,103.1364517211914,-39.62272262573242,0.00036430011509480664,0.000923121210170411,-0.3330357074737549,-0.2944391369819641,9.831039428710938,-0.000767129473388195,-0.007662362419068813,-0.09817522764205933,0.010842551477253437,0.4898291230201721,-0.0576351024210453,0.0,False,False,False,1,
67,14.94960699239121,-119.63133239746094,SW,100.81461334228516,-44.12126541137695,0.0004041600115840538,0.0009012142891093722,1.0342795848846436,-0.4256070852279663,9.83275032043457,-0.000728776678442955,-0.005571025423705578,-0.09710992127656937,0.010370788164436817,0.5939935445785522,-0.04908416047692299,0.0,False,False,False,1,
68,20.62900502382011,-127.33820343017578,SW,97.3455581665039,-49.15938186645508,0.00044874454120247265,0.0008690692521969214,1.4432775974273682,-0.6549162864685059,9.803114891052246,-0.00018872646614909172,-0.003094747196882963,-0.11302653700113297,0.010239715687930584,0.5860632658004761,-0.042591642588377,0.0,False,False,False,1,
69,21.608094389913497,-138.08041381835938,SW,92.2491226196289,-54.57157516479492,0.0004962881133820929,0.0008220221549293037,-1.1686091423034668,-0.9755135774612427,9.805631637573242,0.0017722314223647118,0.0022437649313360453,-0.16055195033550262,0.010921897366642952,0.3325749933719635,-0.05783718824386597,0.0,False,False,False,1,
70,11.688948058584648,-147.10256958007812,SW,87.7528305053711,-57.8674201965332,0.0005247542054434007,0.0007807119335140808,-2.0584096908569336,-0.09988284111022949,9.806851387023926,0.001516852993518114,-0.0016395209822803736,-0.07960805296897888,0.011142807081341743,0.03855891898274422,-0.04975719004869461,0.0,False,False,False,1,
71,9.63235511060821,-150.45228576660156,SW,85.16738891601562,-59.35337448120117,0.00053758202321319,0.0007573000300522256,2.1700937747955322,0.311368465423584,9.784433364868164,0.0018572118133306503,-0.005073104053735733,-0.0029478897340595722,0.009883117862045765,0.5979344844818115,-0.002584844594821334,0.0,False,False,False,1,
72,19.355480085834298,-156.30421447753906,SW,80.6419448852539,-61.60616683959961,0.0005570626322111139,0.000716219541366523,1.1146682500839233,-0.8017688989639282,9.884845733642578,-0.0003783702850341797,0.0005178393912501633,-0.14411495625972748,0.010577850043773651,0.6799312829971313,-0.05783718824386597,0.0,False,False,False,1,
73,17.935518158573878,-164.630859375,SW,74.4682388305664,-63.665218353271484,0.0005743302474598977,0.0006602959333004111,-0.46223267912864685,-0.5378274321556091,9.779254913330078,-0.0017031639581546187,-0.0024068483617156744,-0.21749484539031982,0.010690192691981792,0.2288936823606491,-0.048141997307538986,0.0,False,False,False,1,
74,18.151486791862308,-174.39468383789062,SW,68.59528350830078,-64.61632537841797,0.0005813743107694336,0.0006072657102707428,-0.15994961559772491,-0.5193526148796082,9.791948318481445,-0.0004793183761648834,-0.0017450782470405102,-0.12049359828233719,0.010587615892291069,0.38787513971328735,-0.05645634979009628,0.0,False,False,False,1,
75,18.15531221674195,-179.49143981933594,SW,62.5640754699707,-64.82562255859375,0.000582430724946903,0.0005530391910615466,-0.17291447520256042,-0.298355370759964,9.801097869873047,0.00040525823715142906,-0.0008556751417927444,-0.12795749306678772,0.010603637434542179,0.37310394644737244,-0.016181832179427147,0.0,False,False,False,1,
76,22.500545902435586,-178.61172485351562,SW,56.07107162475586,-64.94541931152344,0.0005836254447899591,0.0004947683957477478,2.067758321762085,-0.3650534749031067,9.803318977355957,-0.0005196990678086877,-0.0010498696938157082,-0.06595093011856079,0.010005989111959934,0.6362673044204712,0.0049683027900755405,0.0,False,False,False,1,
77,27.08914952359191,-178.7951202392578,SW,46.93362808227539,-65.2349853515625,0.0005862401623772939,0.0004126017641549268,-2.4391891956329346,-0.3500664532184601,9.789304733276367,-0.002409712178632617,0.012912536039948463,-0.005683204624801874,0.010946616530418396,0.0,-0.024107452481985092,0.0,False,False,False,1,
78,12.946263076864259,178.22787475585938,SE,40.23142623901367,-65.11750030517578,0.0005846728121952083,0.0003523641564886788,-2.1692020893096924,0.04678975045681,9.808387756347656,-0.0003922092146240175,-0.00186504318844527,3.947292043449124e-06,0.011145438998937607,0.16952106356620789,0.008191101253032684,0.0,False,False,False,1,
79,20.983760574504256,179.5341339111328,S,34.51894760131836,-65.0246353149414,0.0005840464615403107,0.0003011489042654416,2.7343850135803223,0.14486098289489746,9.831033706665039,0.0003838844713754952,-0.00992321316152811,0.02353641577064991,0.01014915481209755,0.707983136177063,0.008191101253032684,0.0,False,False,False,1,
80,31.212912677988424,179.0667724609375,SE,25.041748046875,-64.98943328857422,0.0005836833577177458,0.00021597720819621483,0.23677347600460052,-0.2863602340221405,9.83418083190918,0.0007169073214754462,0.0024542934261262417,-0.03652676194906235,0.010549698024988174,0.4215070903301239,-0.008459674194455147,0.0,False,False,False,2,
81,24.395879290153268,178.8258514404297,SE,15.010635375976562,-64.78446960449219,0.0005817825798288823,0.00012580226293627825,-2.1572177410125732,0.02414640784263611,9.809622764587402,-5.899935786146671e-06,-0.0016745751490816474,0.0022288027685135603,0.011278953403234482,0.0,0.0007385255303233862,0.0,False,False,False,2,
82,16.86864559020062,-179.03590393066406,SW,8.14079761505127,-64.77832794189453,0.0005820604248327754,6.413620618287622e-05,1.1410728693008423,0.09002970159053802,9.824429512023926,-7.972327875904739e-05,-0.015540528111159801,0.022985128685832024,0.010505867190659046,0.5370500683784485,0.009936850517988205,0.0,False,False,False,1,
83,20.51277305361053,-177.55667114257812,SW,1.344160556793213,-65.01093292236328,0.0005843824251030583,3.124207381549251e-06,0.3061599135398865,-0.004132477566599846,9.792988777160645,-0.0005159545107744634,0.0051376549527049065,0.008681708946824074,0.010337676852941513,0.4167760908603668,0.0029541102703660727,0.0,False,False,False,1,
84,17.950702180864045,-178.74937438964844,SW,-5.7480692863464355,-65.25658416748047,0.0005864228793939219,-6.063339459834483e-05,-0.07709435373544693,-0.45753559470176697,9.791056632995605,0.00032002723310142756,-0.005697009619325399,-0.04190763458609581,0.010645217262208462,0.2460176646709442,-0.019472675397992134,0.0,False,False,False,1,
85,11.700147892048795,-179.8450927734375,S,-11.350245475769043,-65.31163787841797,0.00058672971513829,-0.00011099804631260936,-1.997538685798645,0.03001813404262066,9.810113906860352,0.0015780190005898476,-8.197511488106102e-05,-0.024470895528793335,0.011063193902373314,0.0,-0.005639708135277033,0.0,False,False,False,1,
86,5.318262246781412,-179.94918823242188,S,-14.2667236328125,-65.31441497802734,0.0005867367058272066,-0.00013716947540239256,-0.933391809463501,-0.06393077969551086,9.809270858764648,0.00011107944010291249,-0.0006333102937787771,-0.013703908771276474,0.010754203423857689,0.0,0.002047732239589095,0.0,False,False,False,1,
87,0.0002634133543172044,-179.89439392089844,S,-15.496386528015137,-65.3178482055664,0.0005867765252531854,-0.00014827546283910153,-0.8043076992034912,0.006568737793713808,10.04090404510498,-2.2265036022872664e-05,0.0012429695343598723,-6.30462068329507e-07,0.011425666511058807,0.0,-0.0032562371343374252,0.05247935652732849,False,False,False,1,
88,1.1133634949155881e-06,-179.89439392089844,S,-15.49779987335205,-65.3178482055664,0.0005867767308558314,-0.00014820223210476607,-0.0006238293135538697,1.1518591236381326e-06,9.81015682220459,7.592838358050358e-09,2.1288904008542886e-06,7.432340159985173e-11,0.010460242629051208,0.0,-0.0030212493147701025,0.4262150526046753,False,False,False,1,
89,3.364579641703237e-06,-179.89439392089844,S,-15.497798919677734,-65.3178482055664,0.0005867767308558314,-0.00014820223210476607,1.1694429531416972e-06,0.0,9.8100004196167,1.8108144317352526e-08,-4.544545362250574e-08,-1.576083014098728e-12,0.01046020444482565,0.0,0.0011749273398891091,0.0,False,False,False,1,
90,2.4719627297365807e-06,-179.89439392089844,S,-15.497798919677734,-65.3178482055664,0.0005867767308558314,-0.00014820223210476607,1.1694429531416972e-06,0.0,9.8100004196167,-6.557004894602869e-08,5.2574115727566095e-08,-2.2103944109092e-12,0.01046020444482565,0.0,0.0011749273398891091,0.0,False,False,False,1,
91,2.368962083284789e-06,-179.89439392089844,S,-15.497798919677734,-65.3178482055664,0.0005867767308558314,-0.00014820223210476607,1.1694429531416972e-06,0.0,9.8100004196167,-5.6923745717085694e-08,4.830867439409303e-08,1.2954667720499469e-12,0.01046020444482565,0.0,0.0011749273398891091,0.0,False,False,False,1,
92,2.7847300442635314e-06,-179.89439392089844,S,-15.497798919677734,-65.3178482055664,0.0005867767308558314,-0.00014820223210476607,1.1694429531416972e-06,0.0,9.8100004196167,4.225902614507504e-07,1.317840911951862e-07,-9.14468570312188e-11,0.01046020444482565,0.0,0.0011749273398891091,0.0,False,False,False,1,
93,4.463206102617565e-06,-179.89439392089844,S,-15.497798919677734,-65.3178482055664,0.0005867767308558314,-0.00014820223210476607,1.1694429531416972e-06,0.0,9.8100004196167,8.985654886828343e-08,-4.122786378957244e-08,-1.1398449892285889e-11,0.01046020444482565,0.0,0.0011749273398891091,0.0,False,False,False,1,
94,2.815274967680023e-06,-179.89439392089844,S,-15.497798919677734,-65.3178482055664,0.0005867767308558314,-0.00014820223210476607,1.1694429531416972e-06,0.0,9.8100004196167,-2.4510611318362407e-09,-5.46612994867246e-08,1.1748370288763854e-12,0.01046020444482565,0.0,0.0011749273398891091,0.0,False,False,False,1,
95,3.2960670216699736e-06,-179.89439392089844,S,-15.497798919677734,-65.3178482055664,0.0005867767308558314,-0.00014820223210476607,1.1694429531416972e-06,0.0,9.8100004196167,-2.575261817128194e-07,6.475745806255873e-08,-1.2317471695388882e-11,0.01046020444482565,0.0,0.0011749273398891091,0.0,False,False,False,1,
96,1.7166221274205647e-06,-179.89439392089844,S,-15.497798919677734,-65.3178482055664,0.0005867767308558314,-0.00014820223210476607,1.1694429531416972e-06,0.0,9.8100004196167,1.2138614557954952e-08,2.270966170669908e-08,1.362152036131492e-12,0.01046020444482565,0.0,0.0011749273398891091,0.0,False,False,False,1,
97,2.6440500598462698e-06,-179.89439392089844,S,-15.497798919677734,-65.3178482055664,0.0005867767308558314,-0.00014820223210476607,1.1694429531416972e-06,0.0,9.8100004196167,1.1536302224612882e-07,-3.483285837546646e-08,-6.157528653627509e-11,0.01046020444482565,0.0,0.0011749273398891091,0.0,False,False,False,1,
98,3.365138945888931e-06,-179.89439392089844,S,-15.497798919677734,-65.3178482055664,0.0005867767308558314,-0.00014820223210476607,1.1694429531416972e-06,0.0,9.8100004196167,1.3623595407352695e-07,-7.389172651528497e-08,-7.415047048597856e-11,0.01046020444482565,0.0,0.0011749273398891091,0.0,False,False,False,1,
99,3.5019107383662406e-06,-179.89439392089844,S,-15.497798919677734,-65.3178482055664,0.0005867767308558314,-0.00014820223210476607,1.1694429531416972e-06,0.0,9.8100004196167,1.9169636544802415e-08,-4.899571592886787e-08,-1.6530569231162917e-12,0.01046020444482565,0.0,0.0011749273398891091,0.0,False,False,False,1,
100,2.8839524336493824e-06,-179.89439392089844,S,-15.497798919677734,-65.3178482055664,0.0005867767308558314,-0.00014820223210476607,1.1694429531416972e-06,0.0,9.8100004196167,8.61024531673138e-08,-5.684627524260577e-08,-3.964852263779045e-13,0.01046020444482565,0.0,0.0011749273398891091,0.0,False,False,False,1,
101,3.3647376475807284e-06,-179.89439392089844,S,-15.497798919677734,-65.3178482055664,0.0005867767308558314,-0.00014820223210476607,1.1694429531416972e-06,0.0,9.8100004196167,-2.6507413508625177e-07,6.97314135322813e-08,-1.1707032045171761e-11,0.01046020444482565,0.0,0.0011749273398891091,0.0,False,False,False,1,
102,4.085579835382449e-06,-179.89439392089844,S,-15.497798919677734,-65.3178482055664,0.0005867767308558314,-0.00014820223210476607,1.1694429531416972e-06,0.0,9.8100004196167,1.0317112497659764e-07,-4.2657397614220827e-08,9.08656136444641e-12,0.01046020444482565,0.0,0.0011749273398891091,0.0,False,False,False,1,
103,4.051234946009689e-06,-179.89439392089844,S,-15.497798919677734,-65.3178482055664,0.0005867767308558314,-0.00014820223210476607,1.1694429531416972e-06,0.0,9.8100004196167,1.1313514391986246e-07,-2.2075044014968626e-08,9.693734530358267e-12,0.01046020444482565,0.0,0.0011749273398891091,0.0,False,False,False,1,
104,4.566583222830331e-06,-179.89439392089844,S,-15.497798919677734,-65.3178482055664,0.0005867767308558314,-0.00014820223210476607,1.1694429531416972e-06,0.0,9.8100004196167,1.3637824736179027e-07,-9.660830357915984e-08,-4.9397604062750844e-11,0.01046020444482565,0.0,0.0011749273398891091,0.0,False,False,False,1,
105,4.325903007287315e-06,-179.89439392089844,S,-15.497798919677734,-65.3178482055664,0.0005867767308558314,-0.00014820223210476607,1.1694429531416972e-06,0.0,9.8100004196167,4.93609952911811e-08,-6.316197698197357e-08,-3.126429670707864e-11,0.01046020444482565,0.0,0.0011749273398891091,0.0,False,False,False,1,
106,3.399291264477265e-06,-179.89439392089844,S,-15.497798919677734,-65.3178482055664,0.0005867767308558314,-0.00014820223210476607,1.1694429531416972e-06,0.0,9.8100004196167,-1.2493650558553782e-07,6.46553033334385e-08,6.15371226198036e-11,0.01046020444482565,0.0,0.0011749273398891091,0.0,False,False,False,1,
107,3.3646406287445504e-06,-179.89439392089844,S,-15.497798919677734,-65.3178482055664,0.0005867767308558314,-0.00014820223210476607,1.1694429531416972e-06,0.0,9.8100004196167,-1.2142081118327042e-07,7.106536514811523e-08,-9.142311907517353e-12,0.01046020444482565,0.0,0.0011749273398891091,0.0,False,False,False,1,
108,4.120334476617484e-06,-179.89439392089844,S,-15.497798919677734,-65.3178482055664,0.0005867767308558314,-0.00014820223210476607,1.1694429531416972e-06,0.0,9.8100004196167,-1.7646681271799025e-07,7.462477924491395e-08,5.2136541611735865e-11,0.01046020444482565,0.0,0.0011749273398891091,0.0,False,False,False,1,
109,2.6779224969661437e-06,-179.89439392089844,S,-15.497798919677734,-65.3178482055664,0.0005867767308558314,-0.00014820223210476607,1.1694429531416972e-06,0.0,9.8100004196167,1.0669735317492268e-08,-2.2013415090782473e-08,-1.0675765826917427e-12,0.01046020444482565,0.0,0.0011749273398891091,0.0,False,False,False,1,
110,5.493492076457875e-07,-179.89439392089844,S,-15.497798919677734,-65.3178482055664,0.0005867767308558314,-0.00014820223210476607,1.1694429531416972e-06,0.0,9.8100004196167,2.3634887824641737e-08,-2.4151020738827356e-08,-1.0849365026169289e-12,0.01046020444482565,0.0,0.0011749273398891091,0.0,False,False,False,1,
111,4.746875372106581,-179.8248291015625,S,-15.817666053771973,-65.31896209716797,0.0005867972916746567,-0.00015099462931992446,3.0244314670562744,-0.07409301400184631,9.789850234985352,0.0001339255686616525,-0.002493923995643854,0.0019308364717289805,0.009552879258990288,0.4355628192424774,0.0011749273398891091,0.0,False,False,False,1,
112,6.8624756015041255,-179.35977172851562,SW,-18.247692108154297,-65.32946014404297,0.0005869643139391201,-0.00017292399592658316,-0.23701860010623932,-0.10714494436979294,9.854040145874023,-4.864560833084397e-05,-0.0009728418081067502,-0.008096350356936455,0.010680236853659153,0.0,-0.003692643716931343,0.0,False,False,False,1,
113,4.212466619079309,-179.5373992919922,S,-20.044584274291992,-65.34130859375,0.0005870454605627629,-0.0001890301312992255,1.760786533355713,-0.07747526466846466,9.820107460021973,-0.00012980506289750338,-0.01316308043897152,-0.017940323799848557,0.01027831993997097,0.7045208215713501,-0.02081599459052086,0.0,False,False,False,1,
114,17.88749245051944,179.03062438964844,SE,-24.029569625854492,-65.2867431640625,0.0005863333028202078,-0.00022476823744730628,1.9830812215805054,-0.06820712983608246,9.78561019897461,-0.0003031602536793798,0.00663518812507391,-0.012894946150481701,0.009618988260626793,0.4494173526763916,-0.005438285879790783,0.0,False,False,False,1,
115,18.73628048528417,177.92491149902344,SE,-30.619840621948242,-65.10808563232422,0.0005845630860363826,-0.0002840437365046622,1.1911871433258057,-0.432053804397583,9.914630889892578,-0.0027848801109939814,-0.008764426223933697,-0.04378263279795647,0.010636863298714161,0.40724417567253113,-0.018028685823082924,0.0,False,False,False,1,
116,12.127969752628461,170.2356719970703,SE,-36.52140808105469,-64.48845672607422,0.00057782016999397,-0.0003369656212252049,-1.117130994796753,-0.9007290601730347,9.786772727966309,-0.0008027516305446625,-0.0017889132723212242,-0.16847136616706848,0.010795974172651768,0.14468888938426971,-0.10522281378507614,0.0,False,False,False,1,
117,15.239870379192988,154.0311737060547,SE,-40.24877166748047,-63.03550720214844,0.0005624369525492057,-0.0003695782108467211,4.812578201293945,-1.8926901817321777,9.782835960388184,-0.007616611197590828,-0.0108267180621624,-0.33121025562286377,0.009316100738942623,0.8728300333023071,-0.1693717986345291,0.0,False,False,False,1,
118,31.49175339492962,122.93364715576172,SE,-45.88351821899414,-57.47998046875,0.000509006033681203,-0.00041724076154843557,1.8500404357910156,-5.072987079620361,9.779916763305664,-0.010748354718089104,0.013865189626812935,-0.5702528357505798,0.009865875355899334,0.5860632658004761,-0.14769086241722107,0.0,False,False,False,2,
119,25.029536670610714,99.38725280761719,SE,-48.70824432373047,-48.141357421875,0.0004235424084413353,-0.0004390461807680604,-2.1878676414489746,-0.2559983730316162,9.807472229003906,0.0005784223321825266,-0.001601171912625432,-0.048209838569164276,0.011287116445600986,0.0,-0.01295848935842514,0.0,False,False,False,2,
120,15.081664008905813,94.60334014892578,SE,-49.50352096557617,-41.63276290893555,0.0003649426745226947,-0.0004454434011457918,-3.448484182357788,-0.1948235034942627,9.870600700378418,0.0018974505364894867,0.0038279853761196136,-0.05844956263899803,0.011450614780187607,0.0,-0.02793695218861103,0.0,False,False,False,1,
121,7.243273101246792,92.4732894897461,SE,-49.68033218383789,-38.09445571899414,0.0003331976480751564,-0.0004466726631495735,-1.2691234350204468,-0.03363001346588135,9.808207511901855,4.9680471420288086e-05,-0.0009138864115811884,-0.021182456985116005,0.010859565809369087,0.0,-0.006109694950282574,0.0,False,False,False,1,
122,14.653370404247244,91.26492309570312,SE,-49.76512145996094,-35.18979263305664,0.00030722400536831174,-0.0004472575837880255,2.9732162952423096,-0.27896595001220703,9.789429664611816,-0.0006377962417900562,0.0024031205102801323,-0.0486903078854084,0.009457702748477459,0.6057685017585754,-0.027231460437178612,0.0,False,False,False,1,
123,13.51637670426244,87.81047058105469,NE,-49.65001678466797,-29.667259216308594,0.00025745712478908445,-0.0004456703924346257,-2.4356212615966797,0.05327439308166504,9.819578170776367,0.00026380782946944237,-0.0011591960210353136,-0.009446471929550171,0.011238784529268742,0.0,-0.011581938713788986,0.0,False,False,False,1,
124,13.911622617071222,88.08566284179688,NE,-49.49873352050781,-25.868839263916016,0.00022347874943307033,-0.0004443525818966733,2.7340312004089355,0.15972137451171875,9.790360450744629,0.0004006848903372884,-0.0017983505968004465,0.03011864423751831,0.00964229553937912,0.6174018979072571,0.011548364534974098,0.0,False,False,False,1,
125,18.486006491600712,88.5906982421875,NE,-49.34273147583008,-19.968990325927734,0.0001703958564576169,-0.0004430290143332794,-0.14938639104366302,0.04640299081802368,9.816508293151855,-0.0001280304859392345,-0.0007034926093183458,0.008707272820174694,0.010690078139305115,0.44020307064056396,0.0035919344518333673,0.0,False,False,False,1,
126,18.20136435633353,90.23200225830078,E,-49.28350067138672,-13.858623504638672,0.00011550951529670783,-0.0004427498671353867,1.1778762340545654,0.2407839298248291,9.902731895446777,0.000655179435852915,-0.00040542383794672787,0.028410686179995537,0.010615234263241291,0.30635443329811096,0.01282418891787529,0.0,False,False,False,1,
127,12.16596930974732,90.8449478149414,SE,-49.37268829345703,-8.455370903015137,6.691034711536759e-05,-0.0004436564958383878,-2.1252071857452393,0.0682220458984375,9.810613632202148,-0.00010922667570412159,-0.002271763514727354,0.00983578059822321,0.011178855784237385,0.0,-0.0024169969838112593,0.0,False,False,False,1,
128,0.5157881949692084,90.70536804199219,SE,-49.402557373046875,-5.93364953994751,4.4124515895305194e-05,-0.0004439029856241037,-0.4872084856033325,0.010303884744644165,10.410266876220703,7.815565913915634e-05,-0.00690010329708457,-0.00010935319733107463,0.012665214017033577,0.0,-0.0023834274616092443,0.0,False,False,False,1,
129,0.05889042233512076,90.70250701904297,SE,-49.40288543701172,-5.8922953605651855,4.3947868590521466e-05,-0.0004439038080563096,0.0066077737137675285,-0.0013364041224122047,9.811484336853027,-1.0086805559694767e-05,-0.0004264492017682642,-5.727741154260002e-05,0.01047187764197588,0.0,-0.0023498579394072294,0.0,False,False,False,1,
130,0.03337183354274879,90.70179748535156,SE,-49.402889251708984,-5.88052225112915,4.384304702398367e-05,-0.00044390370525228387,0.017300650477409363,-0.000212743878364563,9.809609413146973,-1.013204746413976e-05,-0.00018922827439382672,-4.7575107601005584e-05,0.010461539961397648,0.0,-0.0023162884172052145,0.0,False,False,False,1,
131,0.0014115302423208592,90.70172882080078,SE,-49.402889251708984,-5.879580497741699,4.3834638518092106e-05,-0.00044390370525228387,-0.011270051822066307,0.0001377798616886139,9.808125495910645,-1.0367424692958593e-05,-9.056628186954185e-05,-3.636733163148165e-05,0.010461234487593174,0.0,-0.0023162884172052145,0.0,False,False,False,1,
132,0.007443921417565111,90.70179748535156,SE,-49.402889251708984,-5.881051540374756,4.384793879808058e-05,-0.00044390370525228387,0.023917321115732193,-0.00029336847364902496,9.8100004196167,-9.724884876050055e-06,-0.00020530933397822082,-3.859026764985174e-05,0.010460280813276768,0.0,-0.0023162884172052145,0.0,False,False,False,1,
133,0.006866168811897316,90.70191192626953,SE,-49.40288543701172,-5.88261604309082,4.386202722628241e-05,-0.00044390370525228387,0.020025398582220078,-0.0002457350492477417,9.811250686645508,-1.0418909369036555e-05,-0.00021812798513565212,-3.844709135591984e-05,0.010459823533892632,0.0,-0.0023162884172052145,0.0,False,False,False,1,
134,0.006166816355276375,90.7020492553711,SE,-49.40288543701172,-5.884169578552246,4.3875927190129005e-05,-0.00044390370525228387,0.02094060741364956,-0.0002571418881416321,9.811328887939453,-9.998489986173809e-06,-0.00022788840578868985,-3.81738536816556e-05,0.010460433550179005,0.0,-0.0023162884172052145,0.0,False,False,False,1,
135,0.005316486909341031,90.70215606689453,SE,-49.40288543701172,-5.885711669921875,4.3889711491829075e-05,-0.000443903773788301,0.02200869470834732,-0.00027034245431423187,9.811172485351562,-9.997951565310359e-06,-0.0002286368835484609,-3.786650995607488e-05,0.010461158119142056,0.0,-0.0023162884172052145,0.0,False,False,False,1,
136,0.01327869019239813,90.7022705078125,SE,-49.40288543701172,-5.88732385635376,4.390414260058151e-05,-0.000443903773788301,-0.013165812939405441,0.00016085244715213776,9.809375762939453,9.910669177770615e-06,0.0001439462648704648,4.075192191521637e-05,0.010461769066751003,0.0,-0.0023162884172052145,0.0,False,False,False,1,
137,0.01435870544075833,90.70240020751953,SE,-49.40288543701172,-5.888846397399902,4.391780696266778e-05,-0.0004439038080563096,-0.014108470641076565,0.00017239153385162354,9.810078620910645,9.180439519695938e-06,0.00016441332991234958,4.111452653887682e-05,0.010462379083037376,0.0,-0.0023162884172052145,0.0,False,False,False,1,
138,0.015688780046642817,90.7025146484375,SE,-49.40288543701172,-5.890350341796875,4.393126572210804e-05,-0.0004439038080563096,-0.013035704381763935,0.0001590084284543991,9.810391426086426,9.353825589641929e-06,0.00021305191330611706,4.168151644989848e-05,0.010462455451488495,0.0,-0.0023162884172052145,0.0,False,False,False,1,
139,0.0025036584426063736,90.70262908935547,SE,-49.40288543701172,-5.891902446746826,4.394530277807007e-05,-0.0004439038080563096,0.01652989722788334,-0.00020310096442699432,9.811250686645508,-1.0450079571455717e-05,-0.00014754336734768003,-3.679631481645629e-05,0.010461807250976562,0.0,-0.0023162884172052145,0.0,False,False,False,1,
140,0.016199097132665503,90.7027587890625,SE,-49.40288543701172,-5.8935065269470215,4.3959631085499495e-05,-0.0004439038423243182,-0.026154479011893272,0.0003200434148311615,9.808984756469727,9.471114026382565e-06,0.0002366626140428707,4.185034049442038e-05,0.010462302714586258,0.0,-0.0023162884172052145,0.0,False,False,False,1,
141,0.017966741388687982,90.70286560058594,SE,-49.40288162231445,-5.894972324371338,4.39729484895679e-05,-0.0004439038080563096,-0.027690060436725616,-0.002160554751753807,9.807890892028809,1.0683084838092327e-05,0.0003344925062265247,4.643277861759998e-05,0.010460815392434597,0.0,-0.0023162884172052145,0.0,False,False,False,1,
142,0.0,90.70293426513672,SE,-49.40288162231445,-5.89649772644043,4.398671565297718e-05,-0.0004439038423243182,0.022674426436424255,-0.0002785045653581619,9.8100004196167,0.0,0.0,0.0,0.010460014455020428,0.0,-0.0023162884172052145,0.0,False,False,False,1,
143,0.010903517276938075,90.70304107666016,SE,-49.40288162231445,-5.89811372756958,4.4001266715554266e-05,-0.0004439038423243182,-0.013716223649680614,0.0001681717112660408,9.808984756469727,9.548733942210674e-06,0.00016764074098318815,3.991977064288221e-05,0.01045986171811819,0.0,-0.0023162884172052145,0.0,False,False,False,1,
144,0.01146245159643726,90.70315551757812,SE,-49.40288162231445,-5.899679660797119,4.401527802144756e-05,-0.0004439038423243182,-0.012954908423125744,0.00015861354768276215,9.808828353881836,9.85813676379621e-06,0.00015496691048610955,4.0116123273037374e-05,0.010460280813276768,0.0,-0.0023162884172052145,0.0,False,False,False,1,
145,0.006866216525164953,90.70328521728516,SE,-49.40288162231445,-5.901243686676025,4.402936646386024e-05,-0.00044390387659232677,0.020181631669402122,-0.0002479851245880127,9.811250686645508,-1.019539195112884e-05,-0.00021806896256748587,-3.846026447718032e-05,0.01045986171811819,0.0,-0.0023162884172052145,0.0,False,False,False,1,
146,0.0061667449882961715,90.70341491699219,SE,-49.40288162231445,-5.902797698974609,4.4043270719384964e-05,-0.00044390387659232677,0.020471887663006783,-0.00025189109146595,9.811407089233398,-9.97388269752264e-06,-0.0002278792962897569,-3.817716788034886e-05,0.010460471734404564,0.0,-0.0023162884172052145,0.0,False,False,False,1,
147,0.012397291442064952,90.70352172851562,SE,-49.40288162231445,-5.904412746429443,4.405771467475006e-05,-0.0004439039451283439,-0.01189500279724598,0.00014543812721967697,9.80875015258789,1.0095944162458181e-05,0.00014216740964911878,4.044909292133525e-05,0.010461119934916496,0.0,-0.0023162884172052145,0.0,False,False,False,1,
148,0.01327897762848094,90.7036361694336,SE,-49.40288162231445,-5.905951976776123,4.407148614404832e-05,-0.0004439039451283439,-0.013009569607675076,0.0001592608168721199,9.809375762939453,9.159717592410743e-06,0.00014396807819139212,4.074275784660131e-05,0.010461807250976562,0.0,-0.0023162884172052145,0.0,False,False,False,1,
149,0.00299446236736545,90.70377349853516,SE,-49.40288162231445,-5.907371520996094,4.4084225280016653e-05,-0.0004439039793963525,0.029763754457235336,-0.0028663743287324905,9.8119535446167,-1.0791816748678684e-05,-0.0001688306510914117,-3.6978301068302244e-05,0.010462036356329918,0.0,-0.0023162884172052145,0.0,False,False,False,1,
150,0.007071734312662696,90.70382690429688,SE,-49.40287399291992,-5.908707141876221,4.409642896519017e-05,-0.0004439039451283439,0.019562525674700737,-0.0002405662089586258,9.811094284057617,-1.0018469765782356e-05,-0.00021392889902926981,-3.8512767787324265e-05,0.010459708981215954,0.0,-0.0023162884172052145,0.0,False,False,False,1,
151,0.004992096433937951,90.70394134521484,SE,-49.40287399291992,-5.910171985626221,4.410942510446603e-05,-0.0004439039451283439,0.024654284119606018,-0.00030378997325897217,9.81031322479248,-1.057043846230954e-05,-0.00022539254860021174,-3.782119893003255e-05,0.01046142540872097,0.0,-0.0023162884172052145,0.0,False,False,False,1,
152,0.0014116583590675228,90.70406341552734,SE,-49.40287399291992,-5.9115142822265625,4.41215088642366e-05,-0.0004439039793963525,-0.011083087883889675,0.002636129967868328,9.80820369720459,-1.0487659892532974e-05,-9.084325574804097e-05,-3.6384397390065715e-05,0.010461310856044292,0.0,-0.0023162884172052145,0.0,False,False,False,1,
153,0.006415932321288968,90.70413970947266,SE,-49.40287399291992,-5.9129252433776855,4.4134273707641114e-05,-0.0004439039793963525,0.02016759291291237,-0.00024813786149024963,9.811172485351562,-9.483701433055103e-06,-0.00022535986499860883,-3.827829277724959e-05,0.010460242629051208,0.0,-0.0023162884172052145,0.0,False,False,False,1,
154,0.003877664568096458,90.70426177978516,SE,-49.40287399291992,-5.914352893829346,4.4146939998768175e-05,-0.0004439039793963525,0.021045122295618057,-0.0002593826502561569,9.811797142028809,-1.0641961125656962e-05,-0.00020134425722062588,-3.7349480408011004e-05,0.0104619599878788,0.0,-0.0023162884172052145,0.0,False,False,False,1,
155,0.0074440758804347595,90.70433044433594,SE,-49.40287399291992,-5.915646076202393,4.415871536878058e-05,-0.0004439040136643611,0.023917306214571,-0.00029451027512550354,9.8100004196167,-1.0197371011599898e-05,-0.00020526240405160934,-3.85777821065858e-05,0.010460280813276768,0.0,-0.0023162884172052145,0.0,False,False,False,1,
156,0.0056188434337503075,90.70445251464844,SE,-49.40287399291992,-5.917132377624512,4.417200278794553e-05,-0.0004439040136643611,0.022331608459353447,-0.0002750847488641739,9.810937881469727,-9.853218216449022e-06,-0.0002297901810379699,-3.799847763730213e-05,0.010460929945111275,0.0,-0.0023162884172052145,0.0,False,False,False,1,
157,0.0025040146362861845,90.70458984375,SE,-49.40287399291992,-5.918513774871826,4.418435639763629e-05,-0.0004439040136643611,0.016217416152358055,-0.0001998264342546463,9.811250686645508,-1.0367395589128137e-05,-0.00014734243450220674,-3.6804860428674147e-05,0.010461845435202122,0.0,-0.0023162884172052145,0.0,False,False,False,1,
158,0.006866372875581983,90.70465087890625,SE,-49.40287399291992,-5.919871807098389,4.4196710007327056e-05,-0.00044390408220037824,0.020181626081466675,-0.00024859048426151276,9.811250686645508,-1.0364266927354038e-05,-0.00021802671835757792,-3.84530721930787e-05,0.010459785349667072,0.0,-0.0023162884172052145,0.0,False,False,False,1,
159,0.012965213779905317,90.70476531982422,SE,-49.40287399291992,-5.921407222747803,4.4210340121253466e-05,-0.00044390408220037824,-0.012379388324916363,0.0001515764743089676,9.809141159057617,9.672847227193415e-06,0.00014170778740663081,4.064351742272265e-05,0.010461654514074326,0.0,-0.0023162884172052145,0.0,False,False,False,1,
160,0.016199103706732457,90.70491027832031,SE,-49.402870178222656,-5.922778606414795,4.422259520708849e-05,-0.00044390408220037824,-0.02596747688949108,0.002818915992975235,9.808984756469727,9.759562090039253e-06,0.00023681622406002134,4.187726153759286e-05,0.010462302714586258,0.0,-0.0023162884172052145,0.0,False,False,False,1,
161,0.006166724862612465,90.70497131347656,SE,-49.402870178222656,-5.924086570739746,4.42345161815183e-05,-0.00044390408220037824,0.020784353837370872,-0.0002562329173088074,9.811407089233398,-1.0003524948842824e-05,-0.00022791847004555166,-3.8162714190548286e-05,0.010460471734404564,0.0,-0.0023162884172052145,0.0,False,False,False,1,
162,0.013973957671748529,90.70510864257812,SE,-49.402870178222656,-5.925597190856934,4.424791498536251e-05,-0.00044390408220037824,-0.015217804349958897,0.00018651317805051804,9.81015682220459,9.137613233178854e-06,0.00015482974413316697,4.0989751141751185e-05,0.010462264530360699,0.0,-0.0023162884172052145,0.0,False,False,False,1,
163,0.017966834147650487,90.70520782470703,SE,-49.402870178222656,-5.926906108856201,4.4259814558245125e-05,-0.0004439041164683868,-0.027597837150096893,0.005340009927749634,9.807890892028809,1.1318246833980083e-05,0.0003344927681609988,4.640057886717841e-05,0.010460815392434597,0.0,-0.0023162884172052145,0.0,False,False,False,1,
164,0.012397306336346205,90.70526885986328,SE,-49.402870178222656,-5.9283623695373535,4.427285780650436e-05,-0.0004439041164683868,-0.011894998140633106,0.0001457100734114647,9.80875015258789,9.052411769516766e-06,0.00014226839994080365,4.0420891309622675e-05,0.010461119934916496,0.0,-0.0023162884172052145,0.0,False,False,False,1,
165,0.013278389085206474,90.70536804199219,SE,-49.402870178222656,-5.929902076721191,4.428664210820443e-05,-0.0004439041164683868,-0.012853325344622135,0.0001573348417878151,9.809375762939453,9.309238521382213e-06,0.00014407142589334399,4.0766353777144104e-05,0.010461807250976562,0.0,-0.0023162884172052145,0.0,False,False,False,1,
166,0.01674730622656267,90.70552062988281,SE,-49.402870178222656,-5.931253910064697,4.429876869949112e-05,-0.0004439041507363954,-0.0569177009165287,0.0007003247737884521,9.8080472946167,9.697279892861843e-06,0.0002649372909218073,4.2111183574888855e-05,0.010462036356329918,0.0,-0.0023162884172052145,0.0,False,False,False,1,
167,0.007071975827031348,90.7055892944336,SE,-49.402870178222656,-5.932656764984131,4.431157637441174e-05,-0.0004439041507363954,0.019874991849064827,-0.0002450235188007355,9.811094284057617,-9.526193025521934e-06,-0.00021403426944743842,-3.853575617540628e-05,0.010459594428539276,0.0,-0.0023162884172052145,0.0,False,False,False,1,
168,0.012671671908172663,90.70570373535156,SE,-49.402870178222656,-5.934199810028076,4.432527073561232e-05,-0.0004439041507363954,-0.014686944894492626,0.0026803528890013695,9.809609413146973,9.701267117634416e-06,0.0001412021229043603,4.052861186210066e-05,0.010461349040269852,0.0,-0.0023162884172052145,0.0,False,False,False,1,
169,0.01568909520173824,90.70584106445312,SE,-49.40286636352539,-5.935588836669922,4.433765862188466e-05,-0.0004439041507363954,-0.012848657555878162,0.0026576463133096695,9.81031322479248,9.591938578523695e-06,0.0002126672479789704,4.1642735595814884e-05,0.010462493635714054,0.0,-0.0023162884172052145,0.0,False,False,False,1,
170,0.007443626130348214,90.70589447021484,SE,-49.40286636352539,-5.9369354248046875,4.434995653923579e-05,-0.0004439041507363954,0.0239173024892807,-0.0002951323986053467,9.8100004196167,-1.010076084639877e-05,-0.00020522373961284757,-3.857449337374419e-05,0.010460242629051208,0.0,-0.0023162884172052145,0.0,False,False,False,1,
171,0.012140003548560523,90.70602416992188,SE,-49.40286636352539,-5.938490867614746,4.4363873641373175e-05,-0.00044390418500440395,-0.01313445158302784,0.00016128085553646088,9.809062957763672,9.781098924577236e-06,0.00014423033280763775,4.038413680973463e-05,0.010460815392434597,0.0,-0.0023162884172052145,0.0,False,False,False,1,
172,0.0046464065083668665,90.70613098144531,SE,-49.40286636352539,-5.939953327178955,4.437694258285774e-05,-0.00044390418500440395,0.01918070577085018,-0.00023725628852844238,9.81210994720459,-9.993644198402762e-06,-0.00022005195205565542,-3.763987115235068e-05,0.010461654514074326,0.0,-0.0023162884172052145,0.0,False,False,False,1,
173,0.016199074202674413,90.70628356933594,SE,-49.40286636352539,-5.941406726837158,4.438993445887718e-05,-0.00044390425354042114,-0.025826578959822655,0.0015677046030759811,9.808984756469727,9.838433470577002e-06,0.00023680587764829397,4.188779348623939e-05,0.010462340898811817,0.0,-0.0023162884172052145,0.0,False,False,False,1,
174,0.007263781902535808,90.70633697509766,SE,-49.40286636352539,-5.942780017852783,4.440252796200639e-05,-0.00044390425354042114,0.020192140713334084,-0.0002490077167749405,9.810859680175781,-9.826180757954717e-06,-0.0002097585384035483,-3.863765232381411e-05,0.010459556244313717,0.0,-0.0023162884172052145,0.0,False,False,False,1,
175,0.012397839843586795,90.70645141601562,SE,-49.40286636352539,-5.944329261779785,4.44162908479484e-05,-0.00044390425354042114,-0.011894995346665382,0.00014584697782993317,9.80875015258789,1.0070594726130366e-05,0.00014221893798094243,4.0449060179525986e-05,0.010461119934916496,0.0,-0.0023162884172052145,0.0,False,False,False,1,
176,0.004274734178539455,90.7065658569336,SE,-49.40286636352539,-5.945781707763672,4.442928698722426e-05,-0.0004439042878084297,0.02136281691491604,-0.00026413798332214355,9.811484336853027,-1.057104964274913e-05,-0.0002120706922141835,-3.747890150407329e-05,0.010461845435202122,0.0,-0.0023162884172052145,0.0,False,False,False,1,
177,0.016747630977698644,90.70670318603516,SE,-49.40286636352539,-5.947220802307129,4.4442206032613285e-05,-0.0004439042878084297,-0.0570739284157753,0.0007034242153167725,9.8080472946167,9.36869764700532e-06,0.00026478400104679167,4.211185296298936e-05,0.0104619599878788,0.0,-0.0023162884172052145,0.0,False,False,False,1,
178,0.007071891535420301,90.7067642211914,SE,-49.40286636352539,-5.9486236572265625,4.4455009415855784e-05,-0.0004439042878084297,0.01987498812377453,-0.00024542026221752167,9.811250686645508,-9.553376003168523e-06,-0.00021398397802840918,-3.852719237329438e-05,0.010459670796990395,0.0,-0.0023162884172052145,0.0,False,False,False,1,
179,8.180735701081465,90.64134216308594,SE,-49.41140365600586,-5.166714191436768,3.7530481478142974e-05,-0.00044397087054910065,3.852947950363159,0.10932731628417969,9.795918464660645,0.0003803982399404049,-0.001788492314517498,0.020852835848927498,0.009343338198959827,0.878642201423645,-0.0023162884172052145,0.0,False,False,False,1,
180,22.860520505131728,89.87937927246094,E,-49.42999267578125,0.1747201532125473,-1.0481541863782695e-05,-0.0004440244657145198,3.133796215057373,-0.11956405639648438,9.788339614868164,-0.00016233790665864944,-0.006811592727899551,-0.017789365723729134,0.00982185360044241,0.6799312829971313,-0.006277548149228096,0.0,False,False,False,1,
181,32.164800514414885,86.80155944824219,NE,-49.19997787475586,8.53024959564209,-8.551071805129595e-05,-0.00044151543066230943,3.6843981742858887,-1.193946361541748,9.716069221496582,-0.005599410738795996,-0.01166418008506298,-0.10587221384048462,0.00961257889866829,0.5659327507019043,-0.029919201508164406,0.0,False,False,False,2,
182,32.66647018001087,54.87606430053711,NE,-46.2515869140625,18.70696258544922,-0.00017564329947106216,-0.000410607194715528,-2.210865020751953,-6.746790885925293,9.692206382751465,0.0022418838925659657,0.01670653000473976,-0.7106995582580566,0.011007995344698429,0.002827748190611601,-0.17573249340057373,0.0,False,False,False,2,
183,24.178131685083954,19.350784301757812,NE,-39.41004180908203,23.466781616210938,-0.0002139422539073621,-0.0003455665486986988,-1.1502951383590698,-2.58469557762146,9.790141105651855,0.003710577730089426,-0.002117008902132511,-0.3975904881954193,0.011042785830795765,0.26284390687942505,-0.12556524574756622,0.0,False,False,False,2,
184,25.728937693851858,5.053487300872803,NE,-32.19484329223633,24.69028663635254,-0.00022262114111981646,-0.0002803021497198465,1.3124282360076904,-0.6862242221832275,9.804874420166016,-0.0012072715908288956,5.12076512677595e-05,-0.10575060546398163,0.01020809169858694,0.5201501846313477,-0.03092721290886402,0.0,False,False,False,2,
185,30.675446205035005,1.685640811920166,NE,-23.17885971069336,25.143518447875977,-0.00022616477873782515,-0.00019927289046580004,1.1231156587600708,-0.6440984010696411,9.805391311645508,-0.0008997897966764867,0.00047771213576197624,-0.07088029384613037,0.01025463081896305,0.5286369919776917,-0.0181965883821249,0.0,False,False,False,2,
186,34.74301169119282,-0.5080565810203552,NW,-12.687689781188965,25.17513084411621,-0.00022608215856223524,-0.00010501617133287189,0.8576514720916748,-0.17745517194271088,9.811086654663086,-0.00014081329572945833,8.940660336520523e-05,-0.018115317448973656,0.010347976349294186,0.49860161542892456,-0.004095481708645821,0.0,False,False,False,2,
187,36.95710275414079,-0.0437316931784153,N,-1.6819120645523071,25.129108428955078,-0.00022573863891750534,-6.136399068302094e-06,0.400863379240036,-0.1786312460899353,9.81204891204834,-0.0010750466026365757,-0.00022912616259418428,-0.015729382634162903,0.010492973029613495,0.4539918005466461,-0.0034240856766700745,0.0,False,False,False,2,
188,37.89720693782969,0.4652746617794037,N,10.294761657714844,25.122446060180664,-0.00022574544111364503,0.00010145716449777037,0.12720339000225067,0.025163481011986732,9.808562278747559,-0.0014775333693251014,0.0004814918211195618,0.0035803415812551975,0.010554694570600986,0.4355628192424774,0.0005706787924282253,0.0,False,False,False,2,
189,38.58074458407751,-0.3407287299633026,N,21.976842880249023,25.18977928161621,-0.00022624960919870318,0.0002063976892017019,0.20123837888240814,-0.19323721528053284,9.80730152130127,0.0016581180971115828,0.00016402918845415115,-0.023046858608722687,0.010537147521972656,0.44482117891311646,-0.0037597832269966602,0.0,False,False,False,2,
190,38.954259338826944,0.15239357948303223,N,34.40760040283203,25.1414794921875,-0.000225866544255382,0.0003180737023630601,-0.2791582942008972,0.11475954949855804,9.80721378326416,-0.0002262206544401124,0.001446801470592618,0.010451048612594604,0.010633163154125214,0.35810378193855286,0.00208130176179111,0.0,False,False,False,2,
191,35.79648609933493,0.7019285559654236,NE,46.402000427246094,25.240718841552734,-0.00022685171524017278,0.0004258416204859123,-0.9047831892967224,-0.16784332692623138,9.805665969848633,-0.0019009383395314217,0.00031933156424202025,-0.008743657730519772,0.010869559831917286,0.28483322262763977,-0.003054819069802761,0.0,False,False,False,2,
192,29.637186423624513,-0.11242673546075821,N,56.98685836791992,25.29098892211914,-0.0002271803111710824,0.0005209584066651835,-2.020754814147949,-0.08971767872571945,9.813587188720703,9.473290992900729e-05,-0.00027761622914113104,-0.010488287545740604,0.011214484460651875,0.05247935652732849,-0.002618414117023349,0.0,False,False,False,2,
193,20.421435662017146,-0.484954833984375,N,65.28556060791016,25.232006072998047,-0.00022658171759815104,0.0005955067116625334,-1.9249922037124634,0.17200131714344025,9.812749862670898,0.0008803326636552811,-0.0016455239383503795,0.014361625537276268,0.01121593452990055,0.05247935652732849,0.00584113085642457,0.0,False,False,False,2,
194,12.146288276296248,0.5018151998519897,NE,70.7876968383789,25.24412727355957,-0.00022684842551257134,0.0006449297470370366,-1.8676339387893677,-0.05844531208276749,9.79012680053711,-7.940927025629207e-05,-0.001961551373824477,-0.0038775803986936808,0.011031493544578552,0.03855891898274422,0.007586815394461155,0.0,False,False,False,1,
195,7.4515470457703845,0.5499280095100403,NE,73.87776947021484,25.2773380279541,-0.00022715649490123724,0.0006726550332748734,-0.5356602072715759,-0.15614831447601318,9.811281204223633,8.9825089162332e-06,-0.0009507944341748953,-0.027676787227392197,0.010651702992618084,0.2231176793575287,-0.0006713868351653218,0.0,False,False,False,1,
196,4.9188188665386505,0.5274671912193298,NE,76.06242370605469,25.297082901000977,-0.0002273304735780357,0.000692279979108553,-0.22561217844486237,0.10512292385101318,9.806414604187012,-5.879624586668797e-05,-0.004305081441998482,0.01680794730782509,0.01064937561750412,0.0,-0.0008056642254814506,0.0,False,False,False,1,
197,1.388103943221457,0.5000169277191162,NE,77.00760650634766,25.305370330810547,-0.00022740058592773948,0.0007007645324249092,-0.37095603346824646,-0.20434682071208954,9.809764862060547,-0.00011706074292305857,-6.7885080170526635e-06,-0.03610997274518013,0.010580062866210938,0.01726788841187954,-0.0006713868351653218,0.0,False,False,False,1,
198,4.006372516409918,0.4604611396789551,N,77.71465301513672,25.311120986938477,-0.0002274456140867187,0.0007070756715650875,1.001840591430664,0.027042759582400322,9.805230140686035,3.9886195736471564e-05,0.0002858762163668871,0.00010572771134320647,0.010127182118594646,0.34797292947769165,-0.0006713868351653218,0.0,False,False,False,1,
199,2.8673029680365727,0.42886096239089966,N,79.13912963867188,25.32170295715332,-0.0002275360816383909,0.0007199156887719617,-0.4905543029308319,-0.01574711687862873,9.808402061462402,6.778037459298503e-06,-0.0004902367945760489,-0.0028592711314558983,0.010616417042911053,0.0,-0.0006713868351653218,0.0,False,False,False,1,
200,4.7807980541462e-05,0.4241964519023895,N,79.48798370361328,25.32415771484375,-0.00022755724212686346,0.0007230313361120551,0.009164461866021156,-0.0013054923620074987,9.805780410766602,2.8895224204461556e-06,0.0011967133032158017,5.999265340506099e-06,0.010412635281682014,0.0,-0.0006713868351653218,0.0,False,False,False,1,
201,0.0008584044853473977,0.4241274297237396,N,79.49075317382812,25.32415771484375,-0.00022755727640344503,0.0007230602583112967,-0.007414437830448151,5.551764479605481e-05,9.808516502380371,3.126262981822947e-06,0.00013794326514471322,5.777843398391269e-06,0.010458183474838734,0.0,-0.0006713868351653218,0.0,False,False,False,1,
202,0.017629257178346205,0.42405569553375244,N,79.49345397949219,25.32415771484375,-0.00022755724212686346,0.0007230845200613713,0.020093070343136787,-0.0007731992518529296,9.811172485351562,-2.715002437980729e-06,-0.00024406389275100082,-7.5420607572596055e-06,0.010457801632583141,0.0,-0.0006713868351653218,0.0,False,False,False,1,
203,0.018240444567866474,0.4239904582500458,N,79.49598693847656,25.32415771484375,-0.00022755724212686346,0.0007231074110911027,0.015042869374155998,-0.00011112358333775774,9.8125,-2.663266741365078e-06,-0.00033667529351077974,-8.2517544797156e-06,0.01045936532318592,0.0,-0.0006713868351653218,0.0,False,False,False,1,
204,0.01606474263549682,0.4239342510700226,N,79.49854278564453,25.32415771484375,-0.00022755724212686346,0.0007231304391928685,0.015022980980575085,-0.00011098472168669105,9.811328887939453,-2.836685098372982e-06,-0.00014922738773748279,-7.309933153010206e-06,0.01045993808656931,0.0,-0.0006713868351653218,0.0,False,False,False,1,
205,0.0023280839329965597,0.4238642752170563,N,79.50118255615234,25.32415771484375,-0.00022755722501699438,0.0007231541526548058,-0.012492641806602478,9.247200068784878e-05,9.808671951293945,2.9080204058118397e-06,0.00022346977493725717,5.925850018684287e-06,0.010460395365953445,0.0,-0.0006713868351653218,0.0,False,False,False,1,
206,0.016151365393105094,0.4237985908985138,N,79.50386810302734,25.32415771484375,-0.00022755722501699438,0.000723178208796829,0.012532406486570835,-9.245766705134884e-05,9.811484336853027,-2.3651080027775606e-06,-0.000146018952364102,-7.376333542197244e-06,0.010459785349667072,0.0,-0.0006713868351653218,0.0,False,False,False,1,
207,3.198387513629226,0.31158575415611267,N,79.995361328125,25.327611923217773,-0.0002275706066541261,0.0007275799344989299,0.7077411413192749,-0.01820114068686962,9.817352294921875,0.00010365183698013425,-0.0007225920562632382,0.003979087341576815,0.010307731106877327,0.3428674638271332,-0.0008056642254814506,0.0,False,False,False,1,
208,2.481221641108859,0.39432770013809204,N,81.17091369628906,25.335412979125977,-0.00022765291841153612,0.0007381654594213259,-0.4171237349510193,0.002553560771048069,9.80941390991211,-0.00021387530432548374,-0.0006195842288434505,0.005451019387692213,0.010593605227768421,0.0,0.014570122584700584,0.0,False,False,False,1,
209,1.2242294316552327,0.6382980346679688,NE,81.73829650878906,25.34485626220703,-0.0002277769343379532,0.0007432563147759705,-0.22993433475494385,-0.004369379486888647,9.808616638183594,-5.771833093604073e-05,4.698591146734543e-05,0.0023130096960812807,0.01052860263735056,0.0,0.014402240514755249,0.0,False,False,False,1,
210,0.5879979134573706,0.764279842376709,NE,82.02982330322266,25.35066032409668,-0.00022784877721448993,0.0007458717862628303,-0.1237020343542099,-0.0027622480411082506,9.808579444885254,-5.83718647249043e-05,0.00011809467832790688,0.0009764581918716431,0.010493773967027664,0.0,0.014402240514755249,0.0,False,False,False,1,
211,0.28984770805411164,0.8273349404335022,NE,82.17491912841797,25.353803634643555,-0.00022788683185126501,0.0007471734908367501,-0.03296124190092087,0.004836737178266048,9.81117057800293,6.0353246226441115e-05,-0.00022015774447936565,0.0008743919897824526,0.010475654155015945,0.0,0.014402240514755249,0.0,False,False,False,1,
212,0.14517520236137485,0.856150209903717,NE,82.24128723144531,25.355289459228516,-0.00022790468547384535,0.0007477688632178191,-0.010240374132990837,0.0007721339352428913,9.810937881469727,6.119639874668792e-05,-0.00020225306798238307,0.0005742630455642939,0.010467720218002796,0.0,0.014402240514755249,0.0,False,False,False,1,
213,10.532156109779423,1.251357078552246,NE,83.23751831054688,25.380611419677734,-0.00022818712240280092,0.0007565876666898646,5.514242172241211,0.1254534125328064,9.809723854064941,0.00048453803174197674,-0.006017365958541632,0.02342921495437622,0.0090179443359375,0.9777001142501831,0.014133631251752377,0.0,False,False,False,1,
214,28.71386992074212,-0.784027099609375,NW,89.85980987548828,25.444067001342773,-0.00022849046280271068,0.0008160883750996082,2.563516139984131,-1.2726470232009888,9.744149208068848,-0.006157421041280031,0.014036967419087887,-0.120306096971035,0.009257697500288486,0.5659327507019043,-0.03576658293604851,0.0,False,False,False,2,
215,34.6938216153381,-26.850019454956055,NW,100.25555419921875,23.306840896606445,-0.00020563460918765486,0.0009087640796876832,0.15198487043380737,-7.581310749053955,9.689251899719238,-0.015871455892920494,0.01415868941694498,-0.7132033109664917,0.010363235138356686,0.3976173996925354,-0.1816214770078659,0.0,False,False,False,2,
216,27.479166744026653,-71.44285583496094,NW,106.32327270507812,15.65337085723877,-0.0001321096497264307,0.000958174915651132,-1.7016313076019287,-2.1419715881347656,9.798062324523926,0.016706781461834908,-0.0014125928282737732,-0.3735150992870331,0.011224974878132343,0.21730700135231018,-0.09732089936733246,0.0,False,False,False,2,
217,30.399967868813892,-82.66343688964844,NW,107.88024139404297,6.9389262199401855,-5.346679317597136e-05,0.0009702169680102122,1.6007667779922485,1.9551650285720825,9.800161361694336,0.016057608649134636,0.0010687950998544693,0.11565171927213669,0.010085144080221653,0.5900365114212036,0.039094604551792145,0.0,False,False,False,2,
218,36.9597444066032,-83.15522766113281,NW,109.69685363769531,-3.6974449157714844,4.208272513039901e-05,0.0009865800106431788,1.4995479583740234,-1.422290563583374,9.804377555847168,0.0018733515171334147,0.0005004332633689046,-0.147874116897583,0.010156516917049885,0.5860632658004761,-0.030557600781321526,0.0,False,False,False,2,
219,41.454555807185145,-86.8548355102539,NW,110.57962799072266,-16.26755714416504,0.0001550794616065332,0.0009938538066803866,0.794852614402771,-0.16168677806854248,9.808655738830566,-0.00021189561812207103,0.0006888186326250434,-0.014218212105333805,0.010346793569624424,0.5244028568267822,-0.0027862621936947107,0.0,False,False,False,2,
220,39.975007236058715,-99.97775268554688,SW,110.132568359375,-30.135284423828125,0.000279621964011767,0.0009879325004058142,-1.6520178318023682,-2.680654525756836,9.783323287963867,0.004305837210267782,0.0035438574850559235,-0.22879630327224731,0.011033210903406143,0.12565593421459198,-0.046392492949962616,0.0,False,False,False,2,
221,28.64625017348965,-115.87470245361328,SW,106.52882385253906,-41.36749267578125,0.00037978908362390484,0.0009531094871588538,-1.923771858215332,-1.6447944641113281,9.806913375854492,0.0028028623200953007,-0.0024902489967644215,-0.2054700255393982,0.0112637709826231,0.138386070728302,-0.05406564846634865,0.0,False,False,False,2,
222,24.578080018289132,-125.63192749023438,SW,102.05347442626953,-48.647377014160156,0.0004443284914685819,0.000911571040806488,0.5618326663970947,-0.8510954976081848,9.804280281066895,-0.000558268278837204,-0.00371003826148808,-0.1223892867565155,0.01052120141685009,0.5244028568267822,-0.03754814714193344,0.0,False,False,False,2,
223,31.12449505252605,-135.1461944580078,SW,96.00575256347656,-55.65602493286133,0.0005063297022047664,0.0008561476085936098,1.3356730937957764,-1.4637845754623413,9.803462028503418,-0.001938811969012022,0.001293949200771749,-0.1665557622909546,0.010180244222283363,0.5328526496887207,-0.04195268824696541,0.0,False,False,False,2,
224,31.854075576175727,-149.1103057861328,SW,87.47106170654297,-62.29747009277344,0.0005643639797057176,0.0007780922813301742,-1.51537024974823,-2.4332399368286133,9.810474395751953,-0.0016394001431763172,0.004621385596692562,-0.24975141882896423,0.010989684611558914,0.15717269480228424,-0.06252023577690125,0.0,False,False,False,2,
225,24.14325470913909,-166.4263916015625,SW,78.4076919555664,-65.86981964111328,0.000593932644932238,0.0006955856082882139,-1.87791109085083,-1.6876239776611328,9.807666778564453,0.0017677464056760073,0.0002563672896940261,-0.2296099215745926,0.011223678477108479,0.16952106356620789,-0.07510104775428772,0.0,False,False,False,2,
226,22.99555445404458,-176.04002380371094,SW,70.80769348144531,-66.907958984375,0.0006017107975253566,0.0006271221022343716,0.11892428994178772,-0.6050835847854614,9.805365562438965,0.002726601669564843,0.00044847751269117,-0.1201452687382698,0.010564003139734268,0.37310394644737244,-0.039094604551792145,0.0,False,False,False,2,
227,24.583859870743332,178.3262481689453,SE,63.05992126464844,-66.97399139404297,0.0006012555127767882,0.0005544447277014639,1.8192367553710938,-0.5393519401550293,9.800536155700684,-0.0007859331090003252,-0.0040211123414337635,-0.07673812657594681,0.01021530106663704,0.5979344844818115,-0.02343568578362465,0.0,False,False,False,2,
228,32.71400475578234,178.41033935546875,SE,53.53156280517578,-66.48261260986328,0.0005969247218473583,0.0004719573818163428,1.859944462776184,0.888756275177002,9.801629066467285,0.0002429103187751025,0.0010383001063019037,0.10039788484573364,0.010012435726821423,0.6212635636329651,0.02360362559556961,0.0,False,False,False,2,
229,39.626552608269,178.4520263671875,SE,40.810237884521484,-66.40093231201172,0.0005963068696530627,0.00035765068217231527,0.5898758172988892,-1.6029587984085083,9.793118476867676,-0.007746909745037556,0.0038239560090005398,-0.12962719798088074,0.010303344577550888,0.3116556704044342,-0.02904563955962658,0.0,False,False,False,2,
230,32.54380086605972,173.8604736328125,SE,28.77298927307129,-65.21537780761719,0.0005848220836526252,0.00024950033307371026,-1.6319453716278076,1.0461739301681519,9.813858032226562,0.0022357653360813856,-0.0011560982093214989,0.10561972856521606,0.01113132480531931,0.21730700135231018,0.024913599714636803,0.0,False,False,False,2,
231,31.812423706216965,-179.53700256347656,S,17.538286209106445,-64.7564697265625,0.0005817614021879081,0.0001485815275577338,0.548457682132721,0.4617077112197876,9.81336784362793,-0.0004718895652331412,0.00044813688145950437,0.05569392442703247,0.01043857540935278,0.4494173526763916,0.013294240459799767,0.0,False,False,False,2,
232,32.5907717126814,-178.1961212158203,SW,5.779695510864258,-65.07147979736328,0.0005848276350661763,4.2933321358113484e-05,-0.5814099311828613,0.06170797348022461,9.807236671447754,0.00016720732674002647,0.002295993734151125,0.005326789803802967,0.010700302198529243,0.26284390687942505,0.0012756354408338666,0.0,False,False,False,2,
233,27.42490939245228,-178.4341278076172,SW,-5.630407810211182,-65.43449401855469,0.0005880593824230118,-5.960733331844036e-05,-2.246363639831543,-0.07841728627681732,9.805717468261719,0.00012646522372961044,0.005056295543909073,-0.009550645016133785,0.011161422356963158,0.0,-0.002618414117023349,0.0,False,False,False,2,
234,16.388043876878903,179.95164489746094,S,-13.964255332946777,-65.541748046875,0.0005887644809661197,-0.00013450153959439676,-4.546869277954102,0.07846849411725998,9.76993465423584,0.0006041754968464375,0.012871865183115005,-0.00201242184266448,0.011287001892924309,0.0,-0.00046997074969112873,0.0,False,False,False,1,
235,8.924274492105056,-179.85031127929688,S,-18.41811180114746,-65.54843139648438,0.0005888548799646287,-0.0001744761482412099,-1.5895015001296997,-0.0007840152829885483,9.818558692932129,-2.9295588319655508e-05,0.0021193423308432102,0.002058597980067134,0.010910949669778347,0.0,0.0017120378324761987,0.0,False,False,False,1,
236,3.8028707592147075,-179.40237426757812,SW,-20.749914169311523,-65.56826782226562,0.0005891035286396118,-0.0001954012223204146,-0.6843456625938416,-0.005397507920861244,9.808629035949707,-3.842894147965126e-05,-0.0002873170597013086,0.005857222247868776,0.01067276019603014,0.0,0.01104476023465395,0.0,False,False,False,1,
237,0.00025622746643678735,-179.26312255859375,SW,-21.17774772644043,-65.57573699951172,0.000589192282788531,-0.00019921989499053106,-0.02477138489484787,-0.002143711782991886,9.817584037780762,-7.192884368123487e-06,0.0011109438491985202,2.2643381214493274e-07,0.010399780236184597,0.0,0.01104476023465395,0.09968198835849762,False,False,False,1,
238,0.01684030752780887,-179.26199340820312,SW,-21.18001365661621,-65.57603454589844,0.0005891952298355818,-0.00019924544179092746,0.01513620000332594,0.0023118124809116125,9.809844017028809,4.567849828163162e-05,-0.00015210160927381366,0.00023776365560479462,0.010458030737936497,0.0,0.01104476023465395,0.0,False,False,False,1,
239,0.01668878713613202,-179.26055908203125,SW,-21.18277359008789,-65.57634735107422,0.0005891982454215849,-0.00019927026896314365,0.01573782227933407,0.002303370274603367,9.81070327758789,4.5003627747064456e-05,-0.0001412613200955093,0.0002374951436650008,0.010458183474838734,0.0,0.01104476023465395,0.0,False,False,False,1,
240,0.002261865780137276,-179.25929260253906,SW,-21.185611724853516,-65.57666015625,0.0005892013295323295,-0.00019929593570157007,-0.016914835199713707,-0.004784191958606243,9.809141159057617,-4.7604702558601275e-05,0.00022903991339262575,-0.0002133782545570284,0.01045986171811819,0.0,0.01104476023465395,0.0,False,False,False,1,
241,0.0024221286398944464,-179.25791931152344,SW,-21.188365936279297,-65.57697296142578,0.0005892043451183326,-0.00019932071147177343,-0.02068101055920124,-0.004735203925520182,9.808984756469727,-4.7339137381641194e-05,0.000223307273699902,-0.00021363432460930198,0.010460509918630123,0.0,0.01104476023465395,0.0,False,False,False,1,
242,0.0025791016460685527,-179.25657653808594,SW,-21.191120147705078,-65.57728576660156,0.0005892073607043358,-0.00019934547010797246,-0.019443465396761894,-0.004751069471240044,9.809062957763672,-4.742175224237144e-05,0.00021616449521388859,-0.00021392949565779418,0.010460739023983479,0.0,0.01104476023465395,0.0,False,False,False,1,
243,0.0007265984389899136,-179.25506591796875,SW,-21.193899154663086,-65.57759857177734,0.0005892103762903389,-0.00019937033154819725,-0.013711413368582726,0.00017876604397315532,9.810625076293945,-4.7449866542592645e-05,5.1536546379793435e-05,-0.00020670944650191814,0.010459518060088158,0.0,0.01104476023465395,0.0,False,False,False,1,
244,0.017346790660174062,-179.25352478027344,SW,-21.196815490722656,-65.57792663574219,0.0005892135289400358,-0.00019939634096670947,0.018364835530519485,0.00976824015378952,9.810078620910645,4.527014243649319e-05,-0.0002008983283303678,0.00023875597980804741,0.010457534343004227,0.0,0.01104476023465395,0.0,False,False,False,1,
245,0.017098897528791512,-179.2521514892578,SW,-21.199586868286133,-65.57823181152344,0.0005892165445402497,-0.00019942123667494286,0.017639894038438797,0.0022766024339944124,9.810546875,4.491717118071392e-05,-0.000170124665601179,0.00023825690732337534,0.010457457974553108,0.0,0.01104476023465395,0.0,False,False,False,1,
246,0.0014509796004516951,-179.2509765625,SW,-21.202220916748047,-65.57852935791016,0.000589219354509396,-0.00019944493300287592,-0.016188915818929672,-0.0022873564157634974,9.80836009979248,-4.950569200445898e-05,0.00019379021250642836,-0.00021178516908548772,0.01045787800103426,0.0,0.01104476023465395,0.0,False,False,False,1,
247,0.016688616583060676,-179.24942016601562,SW,-21.205114364624023,-65.57884979248047,0.0005892225071733037,-0.00019947094242138815,0.016988161951303482,0.0022839533630758524,9.810859680175781,4.51128144050017e-05,-0.00014126391033641994,0.00023751237313263118,0.010458373464643955,0.0,0.01104476023465395,0.0,False,False,False,1,
248,0.016506049486685215,-179.24807739257812,SW,-21.207876205444336,-65.57916259765625,0.000589225522745096,-0.00019949580386161294,0.01578640192747116,0.007294302806258202,9.810625076293945,4.6223907702369615e-05,-0.00013853456766810268,0.00023717193107586354,0.010458755306899548,0.0,0.01104476023465395,0.0,False,False,False,1,
249,0.016784701176945083,-179.24679565429688,SW,-21.210433959960938,-65.57945251464844,0.0005892283327142422,-0.00019951871202534866,0.016404373571276665,0.004791180603206158,9.810625076293945,4.518028799793683e-05,-0.00014513288624584675,0.0002376404736423865,0.010457992553710938,0.0,0.01104476023465395,0.0,False,False,False,1,
250,0.01709712281477317,-179.24549865722656,SW,-21.212989807128906,-65.5797348022461,0.0005892310056196948,-0.00019954163732308866,0.018824223428964615,-0.0027414578944444656,9.811094284057617,4.40309704572428e-05,-0.00016994628822430968,0.00023826157848816365,0.010457648895680904,0.0,0.01104476023465395,0.0,False,False,False,1,
251,0.0014516445627494236,-179.24429321289062,SW,-21.21562385559082,-65.58003234863281,0.0005892339526809565,-0.00019956533365102173,-0.013656430877745152,0.00018111914687324315,9.808516502380371,-4.9198337364941835e-05,0.00019337283447384834,-0.00021182128693908453,0.010457992553710938,0.0,0.01104476023465395,0.0,False,False,False,1,
252,0.017217761286546486,-179.24282836914062,SW,-21.21830940246582,-65.58033752441406,0.0005892368997280073,-0.0001995894069270492,0.020109353587031364,-0.0002590703370515257,9.81015682220459,4.491733488976024e-05,-0.00018392293713986874,0.00023849951685406268,0.010457419790327549,0.0,0.01104476023465395,0.0,False,False,False,1,
253,0.0013433849272699088,-179.2415313720703,SW,-21.22093963623047,-65.58063507080078,0.0005892397782361058,-0.00019961306898697367,-0.012992536649107933,0.002678744262084365,9.80820369720459,-4.88605655846186e-05,0.00017792946891859174,-0.00021150145039428025,0.010457801632583141,0.0,0.01104476023465395,0.0,False,False,False,1,
254,0.01734619463688683,-179.24017333984375,SW,-21.22362518310547,-65.5809326171875,0.0005892425882052521,-0.00019963714226300112,0.01955069601535797,0.004747853148728609,9.810078620910645,4.510678263613954e-05,-0.0002007161674555391,0.00023876913473941386,0.010457457974553108,0.0,0.01104476023465395,0.0,False,False,False,1,
255,0.0,-179.23910522460938,SW,-21.225942611694336,-65.58119201660156,0.0005892451925859632,-0.00019965818282026925,-0.04698144271969795,-0.00937663484364748,9.810078620910645,0.0,0.0,0.0,0.010460052639245987,0.0,0.01104476023465395,0.0,False,False,False,1,
256,0.015919520271714012,-179.23773193359375,SW,-21.228694915771484,-65.58150482177734,0.0005892482081861772,-0.0001996829585904726,0.014482858590781689,0.007308096159249544,9.811407089233398,4.689576962846331e-05,-0.00015650218119844794,0.00023620059073437005,0.01046016626060009,0.0,0.01104476023465395,0.0,False,False,False,1,
257,0.002578815313874224,-179.23654174804688,SW,-21.23133087158203,-65.58180236816406,0.0005892510181553234,-0.00019970663778440137,-0.019378503784537315,0.000255219783866778,9.809062957763672,-4.737254494102672e-05,0.00021619755716528744,-0.00021384995488915592,0.010460853576660156,0.0,0.01104476023465395,0.0,False,False,False,1,
258,0.01599789505537274,-179.23509216308594,SW,-21.234020233154297,-65.58209991455078,0.0005892539652023743,-0.0001997307624624417,0.013763983733952045,-0.00018355855718255043,9.811250686645508,4.666675522457808e-05,-0.00015260113286785781,0.00023356832389254123,0.010460242629051208,0.0,0.010910467244684696,0.0,False,False,False,1,
259,0.0025012493672827824,-179.23388671875,SW,-21.236658096313477,-65.5823974609375,0.0005892568437104728,-0.00019975447592437905,-0.021314946934580803,-0.004718298092484474,9.808906555175781,-4.73605323350057e-05,0.00021974690025672317,-0.0002137433912139386,0.010460548102855682,0.0,0.01104476023465395,0.0,False,False,False,1,
260,0.01608134566718395,-179.23245239257812,SW,-21.23934555053711,-65.58269500732422,0.0005892597222185714,-0.0001997785834684151,0.013146044686436653,-0.00017581887368578464,9.810937881469727,4.673424336942844e-05,-0.00014924250717740506,0.00023650388175155967,0.010460090823471546,0.0,0.01104476023465395,0.0,False,False,False,1,
261,1.7622928073149455,-179.2210693359375,SW,-21.307403564453125,-65.58424377441406,0.0005892741147874858,-0.00020034919721328493,2.1474242210388184,0.09881345927715302,9.793401718139648,-0.00028688021120615304,-0.00764961913228035,-0.015886742621660233,0.010003432631492615,0.5286369919776917,0.01104476023465395,0.0,False,False,False,1,
262,6.459943558062388,-178.68174743652344,SW,-22.832609176635742,-65.62114715576172,0.0005896901284074829,-0.00021406217480473018,0.97789466381073,-0.18702909350395203,9.805741310119629,-0.00042809892329387367,9.041012526722625e-05,-0.019839538261294365,0.010153007693588734,0.4262150526046753,0.007553244009613991,0.0,False,False,False,1,
263,10.155226146592357,-178.53350830078125,SW,-25.628679275512695,-65.69189453125,0.0005903493078278643,-0.00023918578242916063,0.7616143226623535,-0.11666546761989594,9.810391426086426,-4.036842074128799e-05,0.00019460324256215245,-0.018817594274878502,0.010227622464299202,0.4539918005466461,0.0016448989044874907,0.0,False,False,False,1,
264,18.78207593467791,-178.2772674560547,SW,-30.819425582885742,-65.84024047851562,0.0005917218101103572,-0.00028583430848898436,0.6174941062927246,0.026927731931209564,9.891316413879395,4.518904097494669e-05,0.001604486838914454,0.004464155528694391,0.010701942257583141,0.6547006368637085,0.0016784684266895056,0.0,False,False,False,1,
265,25.540955813063114,-178.04270935058594,SW,-38.30497360229492,-66.08960723876953,0.0005940017292402899,-0.00035304537023124065,1.2020031213760376,-0.14436882734298706,9.811200141906738,-0.0010284414747729897,2.174619112338405e-05,-0.009776070713996887,0.010255089029669762,0.5495340824127197,-0.003457655431702733,0.0,False,False,False,1,
266,17.239710083204468,-178.96435546875,SW,-45.9423828125,-66.29473114013672,0.0005956200702144088,-0.0004217213036702704,-2.5236144065856934,0.5003652572631836,9.570014953613281,-0.023159241303801537,0.0063753086142241955,-0.012508084997534752,0.013709678314626217,0.0,-0.003692643716931343,0.0,False,False,False,1,
267,10.608924611565001,-179.0034637451172,SW,-50.171897888183594,-66.38182830810547,0.0005964818420949314,-0.0004596863163559224,-0.10628775507211685,-0.3010978698730469,9.796228408813477,-0.00017172432853840292,-0.0009572705021128058,-0.04827704653143883,0.010521545074880123,0.31692805886268616,-0.018868206068873405,0.0,False,False,False,1,
268,10.09692559954952,179.32614135742188,SE,-53.64405059814453,-66.36442565917969,0.0005960612365782936,-0.0004908638645821341,1.2392446994781494,0.025067465379834175,9.831473350524902,-0.00010065708192996681,-0.006523721851408482,-0.0059725320897996426,0.010333327576518059,0.694058895111084,-0.019069693982601166,0.0,False,False,False,1,
269,22.385644343736022,179.07138061523438,SE,-59.25824737548828,-66.2347412109375,0.000594836977697355,-0.0005412580553197945,1.0544501543045044,0.6202382445335388,9.7879638671875,0.003772566094994545,-0.006623190362006426,0.053061794489622116,0.01005989033728838,0.8095971345901489,0.021017497405409813,0.0,False,False,False,N,
270,41.0558617820178,-174.6759796142578,SW,-70.67089080810547,-66.76142120361328,0.0006005051804720551,-0.0006437005535692721,3.436619520187378,0.5253574848175049,9.795501708984375,-0.002850776072591543,0.0010506256949156523,0.06174676492810249,0.009532775729894638,0.784378170967102,0.009332546032965183,0.0,False,False,False,2,
271,42.75963154722283,159.0218963623047,SE,-86.18599700927734,-65.5894775390625,0.0005862919070693806,-0.0007827521136728996,-0.8618216514587402,-5.658166885375977,9.739165306091309,0.006076028570532799,0.0059691863134503365,-0.4662661850452423,0.010861968621611595,0.35810378193855286,-0.08777319639921188,0.0,False,False,False,2,
272,35.77443243388528,136.67662048339844,SE,-97.63333129882812,-58.01876449584961,0.0005150836706064865,-0.0008837149193118927,-1.9918239116668701,-2.1454532146453857,9.792034149169922,0.003140711458399892,0.0010119779035449028,-0.20628772675991058,0.011203613132238388,0.13204194605350494,-0.046358849853277206,0.0,False,False,False,2,
273,29.677720123195275,125.09864807128906,SE,-104.18498992919922,-50.29270935058594,0.0004444680993316297,-0.0009411269240626684,0.12357878684997559,-1.0558547973632812,9.803852081298828,0.0005263844504952431,-0.004015577491372824,-0.12824593484401703,0.010668105445802212,0.4120218753814697,-0.03314506262540817,0.0,False,False,False,2,
274,30.517926177867498,116.03986358642578,SE,-109.0568618774414,-42.02719497680664,0.0003695086467701003,-0.0009836901894796275,0.2071826457977295,-1.7185490131378174,9.801612854003906,-0.0023578188847750425,0.0008648294024169445,-0.18315285444259644,0.010533218272030354,0.4215070903301239,-0.04908416047692299,0.0,False,False,False,2,
275,31.25433076579904,105.283203125,SE,-112.30757904052734,-33.13481521606445,0.0002890126834245166,-0.0010113213072298864,-0.1451202630996704,-1.4377098083496094,9.79693603515625,0.0004156186478212476,0.0020276757422834635,-0.1616491824388504,0.010592231526970863,0.3428674638271332,-0.041044753044843674,0.0,False,False,False,2,
276,24.237056679759295,95.93262481689453,SE,-113.75823974609375,-25.02880859375,0.00021584750378167428,-0.0010228839501489327,-2.164517641067505,-0.46741628646850586,9.809046745300293,0.003719701198861003,-0.0015929134096950293,-0.09628070145845413,0.011282844468951225,0.0,-0.02793695218861103,0.0,False,False,False,2,
277,15.082958597141394,93.67218780517578,SE,-114.17756652832031,-19.1654109954834,0.00016310141393205413,-0.0010262315919071126,-3.4455978870391846,0.6542165279388428,9.870572090148926,0.0022919282782822847,0.0038768050726503134,0.05950357764959335,0.011450652964413166,0.0,0.029180031269788742,0.0,False,False,False,1,
278,9.9726004167328,93.65520477294922,SE,-114.46052551269531,-15.52863597869873,0.00013050606112585683,-0.0010287988140378918,-1.4323384761810303,0.1628732681274414,9.800622940063477,0.002365842228755355,0.004071854054927826,-0.024130407720804214,0.01074623130261898,0.01726788841187954,-0.032506559044122696,0.0,False,False,False,1,
279,5.2704193193442705,91.94966125488281,SE,-114.54190826416016,-13.252317428588867,0.00011004383648582916,-0.0010292547156240401,-0.9246931672096252,0.09089082479476929,9.808277130126953,3.120111068710685e-05,-0.000617413257714361,-0.0020466740243136883,0.010750235989689827,0.0,-0.02303263545036316,0.0,False,False,False,1,
280,4.496217136356445,91.3326644897461,SE,-114.56218719482422,-12.06912612915039,9.94789494654924e-05,-0.0010293329837556368,2.2796883583068848,0.36424946784973145,9.793341636657715,0.000523383729159832,-0.009433186613023281,0.017485158517956734,0.010001525282859802,0.5900365114212036,0.014771581627428532,0.0,False,False,False,1,
281,18.904116876400764,92.86580657958984,SE,-114.69005584716797,-9.075218200683594,7.271622588689297e-05,-0.001030707267971729,5.93744421005249,0.2613081932067871,9.776601791381836,0.0010622888803482056,-0.0031947665847837925,0.045267511159181595,0.008705291897058487,0.9349209070205688,0.017894364893436432,0.0,False,False,False,1,
282,34.18660852793571,92.18701934814453,SE,-115.21231842041016,-1.106353759765625,1.0592713977075618e-06,-0.0010353808760539037,3.2671451568603516,-1.5323842763900757,9.805866241455078,-0.004551316611468792,0.0046301246620714664,-0.15217764675617218,0.00955074280500412,0.676366925239563,-0.03630438819527626,0.0,False,False,False,2,
283,29.83485910184489,82.57804870605469,NE,-114.69524383544922,9.203481674194336,-9.166165423835082e-05,-0.0010292224351599578,-2.483567714691162,-0.9917247295379639,9.806734085083008,0.0033014588989317417,-0.001766234403476119,-0.12557658553123474,0.011391334235668182,0.0,-0.03049040026962757,0.0,False,False,False,2,
284,26.501052612482177,85.27700805664062,NE,-113.72865295410156,17.321191787719727,-0.00016452362199004256,-0.0010208739943736813,1.5503263473510742,0.43512189388275146,9.802600860595703,-0.0009127724915742874,-0.00734045822173357,0.07223809510469437,0.01032688096165657,0.5900365114212036,0.019707750529050827,0.0,False,False,False,2,
285,27.588561597596524,90.09884643554688,E,-113.40186309814453,26.0704345703125,-0.00024323401649439802,-0.0010186875583542432,-2.258457660675049,0.5972702503204346,9.835037231445312,-0.0006981668993830681,0.003812673967331648,0.0737713947892189,0.011243132874369621,0.0,0.020144326612353325,0.0,False,False,False,2,
286,19.49956714889127,87.25707244873047,NE,-113.42100524902344,33.158226013183594,-0.00030688989228622177,-0.0010184918880252513,-1.049175500869751,-0.28259485960006714,9.85948657989502,0.00601356802508235,-0.006133817136287689,-0.1241389587521553,0.011167182587087154,0.0,-0.041582781821489334,0.0,False,False,False,N,
287,18.162298614566943,88.82701873779297,NE,-113.2427978515625,37.77238082885742,-0.00035051118246087754,-0.0010170762080547943,4.512741565704346,0.18060922622680664,9.79839038848877,0.000869988463819027,-0.007882645353674889,0.0417405404150486,0.009359740652143955,0.82808917760849,0.01718919351696968,0.0,False,False,False,1,
288,34.51483264599246,92.92422485351562,SE,-113.40645599365234,46.24353790283203,-0.00042428016440965166,-0.0010191631983133334,3.93391752243042,0.601677417755127,9.810595512390137,0.0003896220587193966,0.0018484252505004406,0.07267409563064575,0.009424247778952122,0.8432337641716003,0.01594678685069084,0.0,False,False,False,2,
289,44.90760168331185,92.40975952148438,SE,-114.45613098144531,60.73240661621094,-0.0005545520893690536,-0.0010286242528021853,-1.9405250549316406,-1.261590838432312,9.782806396484375,-0.0004873303696513176,0.014673680067062378,-0.09696096926927567,0.010738639160990715,0.0,-0.017726466059684753,0.0,False,False,False,2,
290,32.85069430777097,88.62747192382812,NE,-114.5340576171875,73.0893325805664,-0.0006656255681320999,-0.0010286932685714654,-2.645190477371216,-0.6808109283447266,9.80677604675293,-0.001112340367399156,-0.0012723824474960566,-0.06694498658180237,0.011417312547564507,0.0,-0.015980364754796028,0.0,False,False,False,2,
291,0.015835707703315126,85.79546356201172,NE,-114.16577911376953,80.2850341796875,-0.0007306503480464244,-0.001024869986854195,-2.300952911376953,0.06321072578430176,10.458131790161133,-0.00011944770812988281,-0.07951612025499344,4.1669816710054874e-05,0.01570758782327175,0.0,-0.01557743176817894,0.010074752382934093,False,False,False,1,
292,0.5275964922918708,85.7263412475586,NE,-114.14501953125,80.55073547363281,-0.0007325638051156602,-0.001024712354014727,0.05819813907146454,-0.005522388964891434,9.821577072143555,-0.00014590041246265173,-0.0013605097774416208,-0.001348701654933393,0.010526198893785477,0.5860632658004761,-0.014032903127372265,0.0,False,False,False,1,
293,20.295163592894845,85.01274108886719,NE,-113.88899993896484,83.64468383789062,-0.0007601955396836502,-0.0010223306588824,1.3733733892440796,-0.3983287811279297,9.617816925048828,-0.0012021921575069427,0.02368318848311901,-0.048826999962329865,0.00904842372983694,1.0,-0.01950625702738762,0.0,False,False,False,1,
294,41.10851066026102,78.35752868652344,NE,-112.39434051513672,93.87646484375,-0.0008520128306486185,-0.0010079613289886175,1.3824044466018677,-2.2477591037750244,9.646514892578125,-0.00766284205019474,0.014218568801879883,-0.19126494228839874,0.009333343245089054,0.9321833848953247,-0.03980065882205963,0.0,False,False,False,N,
295,42.05233530702927,54.33553695678711,NE,-106.57613372802734,107.82384490966797,-0.000976053906413199,-0.0009522922636902379,-1.6876107454299927,-2.084475040435791,9.792923927307129,0.02324746735394001,0.0013266555033624172,-0.18668460845947266,0.011123046278953552,0.0,-0.028978444635868073,0.0,False,False,False,3,
296,39.11281900658556,52.17055130004883,NE,-98.43739318847656,118.95547485351562,-0.0010757557178351362,-0.0008788595537122099,0.04142105579376221,-2.6872830390930176,9.797597885131836,-0.01145621482282877,0.0015660491771996021,-0.22861365973949432,0.01056751236319542,0.3428674638271332,-0.04942066967487335,0.0,False,False,False,3,
297,40.06268623240605,34.30533981323242,NE,-88.01463317871094,128.41583251953125,-0.0011587134949451183,-0.0007833021152106086,0.945470929145813,-1.7259445190429688,9.803812980651855,0.001161002553999424,-0.0015803005080670118,-0.15651720762252808,0.010382423177361488,0.5453906059265137,-0.03122962825000286,0.0,False,False,False,3,
298,47.05641622291286,19.13439178466797,NE,-74.78459930419922,135.14198303222656,-0.0012170806861462324,-0.0006634319358376011,2.809330940246582,-3.078552722930908,9.789290428161621,-0.0025658179074525833,-0.0020735180005431175,-0.24179650843143463,0.009865378960967064,0.9592164158821106,-0.04265890643000603,0.0,False,False,False,3,
299,57.213097537895216,3.07669997215271,NE,-56.92106628417969,138.37294006347656,-0.0012436248226492808,-0.0005024254109249056,2.1184449195861816,-1.7218658924102783,9.795862197875977,0.007081868592649698,0.0004442236968316138,-0.10330136865377426,0.009954414330422878,0.7779694199562073,-0.014066479168832302,0.0,False,False,False,3,
